timestep,episode,reward,estimated_team_reward,coverage_ratio,threat_level_avg,visited_cells,loss,timestamp
250,1,-9.478750000000002,-18.957500000000003,0.53,0.5171500000000001,212,0.0,2025-12-24T00:02:23.705939Z
500,1,1.791249999999991,3.582499999999982,0.98,0.5823500000000003,392,0.0,2025-12-24T00:02:23.800271Z
750,1,-11.92708333333334,-23.85416666666668,0.98,0.49975000000000025,392,0.0,2025-12-24T00:02:23.891048Z
1000,1,28.07125000000001,56.14250000000002,0.98,0.53515,392,0.0,2025-12-24T00:02:23.984964Z
1250,2,-8.982500000000002,-17.965000000000003,0.545,0.49730000000000013,218,0.0,2025-12-24T00:02:24.081856Z
1500,2,-13.135208333333336,-26.270416666666673,0.98,0.5780750000000001,392,0.0,2025-12-24T00:02:24.178614Z
1750,2,-12.720000000000004,-25.44000000000001,0.98,0.4948000000000002,392,0.0,2025-12-24T00:02:24.272397Z
2000,2,13.525624999999984,27.051249999999968,0.98,0.5619750000000002,392,0.0,2025-12-24T00:02:24.367906Z
2250,3,13.603750000000007,27.207500000000014,0.54,0.5038500000000001,216,0.0,2025-12-24T00:02:24.464717Z
2500,3,12.10395833333333,24.207916666666662,0.98,0.5841750000000001,392,0.0,2025-12-24T00:02:24.559835Z
2750,3,4.068125000000002,8.136250000000004,0.98,0.4872750000000002,392,0.0,2025-12-24T00:02:24.651397Z
3000,3,27.84124999999998,55.68249999999996,0.98,0.5463500000000002,392,0.0,2025-12-24T00:02:24.746779Z
3250,4,-8.943750000000001,-17.887500000000003,0.5525,0.4957500000000001,221,0.0,2025-12-24T00:02:24.839871Z
3500,4,-14.01708333333334,-28.03416666666668,0.98,0.5833500000000003,392,0.0,2025-12-24T00:02:24.934323Z
3750,4,-12.33729166666667,-24.674583333333338,0.98,0.49782500000000013,392,0.0,2025-12-24T00:02:25.025280Z
4000,4,13.285625000000007,26.571250000000013,0.98,0.5375750000000002,392,0.0,2025-12-24T00:02:25.119622Z
4250,5,29.01562500000001,58.03125000000002,0.555,0.4653750000000001,222,0.0,2025-12-24T00:02:25.214365Z
4500,5,13.280208333333334,26.560416666666672,0.98,0.5551250000000002,392,0.0,2025-12-24T00:02:25.308314Z
4750,5,5.453958333333334,10.90791666666667,0.98,0.4681750000000002,392,0.0,2025-12-24T00:02:25.399067Z
5000,5,-14.741250000000003,-29.482500000000005,0.98,0.5756500000000001,392,0.0,2025-12-24T00:02:25.493528Z
5250,6,10.830625,21.66125,0.5475,0.498775,219,0.0,2025-12-24T00:02:25.594042Z
5500,6,-7.900000000000006,-15.800000000000011,0.98,0.5740000000000003,392,0.0,2025-12-24T00:02:25.688378Z
5750,6,30.600625000000026,61.20125000000005,0.98,0.46997500000000014,392,0.0,2025-12-24T00:02:25.778761Z
6000,6,7.761875000000023,15.523750000000046,0.98,0.5515250000000003,392,0.0,2025-12-24T00:02:25.873325Z
6250,7,8.134999999999998,16.269999999999996,0.54,0.48260000000000003,216,0.0,2025-12-24T00:02:25.972145Z
6500,7,21.426249999999996,42.85249999999999,0.98,0.5609500000000001,392,0.0,2025-12-24T00:02:26.067579Z
6750,7,0.46437499999999154,0.9287499999999831,0.98,0.4704250000000001,392,0.0,2025-12-24T00:02:26.158273Z
7000,7,33.28687500000003,66.57375000000006,0.98,0.5645250000000002,392,0.0,2025-12-24T00:02:26.253099Z
7250,8,38.68937500000001,77.37875000000003,0.5525,0.4644250000000001,221,0.0,2025-12-24T00:02:26.344814Z
7500,8,20.828125000000004,41.65625000000001,0.98,0.5508750000000002,392,0.0,2025-12-24T00:02:26.438892Z
7750,8,34.749374999999986,69.49874999999997,0.98,0.48602500000000015,392,0.0,2025-12-24T00:02:26.529165Z
8000,8,-14.869375000000007,-29.738750000000014,0.98,0.5807750000000003,392,0.0,2025-12-24T00:02:26.622941Z
8250,9,28.275833333333342,56.55166666666668,0.535,0.4853000000000002,214,0.0,2025-12-24T00:02:26.722336Z
8500,9,-14.063541666666671,-28.12708333333334,0.98,0.5678750000000001,392,0.0,2025-12-24T00:02:26.816852Z
8750,9,-12.07604166666667,-24.152083333333337,0.98,0.4773750000000001,392,0.0,2025-12-24T00:02:26.908197Z
9000,9,-6.216250000000002,-12.432500000000005,0.98,0.5666500000000001,392,0.0,2025-12-24T00:02:27.006058Z
9250,10,10.01375,20.0275,0.55,0.49545,220,0.0,2025-12-24T00:02:27.101881Z
9500,10,20.420624999999987,40.841249999999974,0.98,0.5691750000000001,392,0.0,2025-12-24T00:02:27.196953Z
9750,10,-12.535625000000003,-25.071250000000006,0.98,0.48842500000000016,392,0.0,2025-12-24T00:02:27.287616Z
10000,10,-14.434375000000005,-28.86875000000001,0.98,0.5633750000000002,392,0.0,2025-12-24T00:02:27.382041Z
10250,11,14.724375000000002,29.448750000000004,0.565,0.4850250000000001,226,0.0,2025-12-24T00:02:27.474965Z
10500,11,-13.885833333333338,-27.771666666666675,0.98,0.5681000000000002,392,0.0,2025-12-24T00:02:27.569464Z
10750,11,7.515625000000002,15.031250000000004,0.98,0.48737500000000017,392,0.0,2025-12-24T00:02:27.661014Z
11000,11,-14.936715000000007,-29.873430000000013,0.98,0.5843000000000003,392,0.0,2025-12-24T00:02:27.756477Z
11250,12,-10.003125000000002,-20.006250000000005,0.5375,0.4821250000000001,215,0.0,2025-12-24T00:02:27.851679Z
11500,12,-5.708541666666669,-11.41708333333334,0.98,0.5626750000000001,392,0.0,2025-12-24T00:02:27.946012Z
11750,12,4.61125,9.2225,0.98,0.47355000000000014,392,0.0,2025-12-24T00:02:28.036461Z
12000,12,20.193750000000037,40.387500000000074,0.98,0.5742500000000001,392,0.0,2025-12-24T00:02:28.130848Z
12250,13,17.48375000000001,34.96750000000002,0.5425,0.49265000000000014,217,0.0,2025-12-24T00:02:28.232576Z
12500,13,-14.493750000000002,-28.987500000000004,0.98,0.5677500000000001,392,0.0,2025-12-24T00:02:28.328324Z
12750,13,23.918750000000024,47.83750000000005,0.98,0.4632500000000001,392,0.0,2025-12-24T00:02:28.419395Z
13000,13,-14.866875000000004,-29.733750000000008,0.98,0.5806750000000002,392,0.0,2025-12-24T00:02:28.514112Z
13250,14,12.913125000000004,25.82625000000001,0.5375,0.4714750000000001,215,0.0,2025-12-24T00:02:28.608359Z
13500,14,-14.136449166666672,-28.27289833333334,0.98,0.5706500000000002,392,0.0,2025-12-24T00:02:28.703030Z
13750,14,4.455625000000003,8.911250000000006,0.98,0.4757750000000002,392,0.0,2025-12-24T00:02:28.794054Z
14000,14,-2.0112500000000093,-4.022500000000019,0.98,0.5804500000000002,392,0.0,2025-12-24T00:02:28.888215Z
14250,15,30.464375000000004,60.92875000000001,0.575,0.47942500000000016,230,0.0,2025-12-24T00:02:28.981164Z
14500,15,12.387500000000003,24.775000000000006,0.98,0.5725000000000001,392,0.0,2025-12-24T00:02:29.075253Z
14750,15,-12.687306666666672,-25.374613333333343,0.98,0.5128000000000003,392,0.0,2025-12-24T00:02:29.166474Z
15000,15,13.544999999999986,27.08999999999997,0.98,0.5612000000000001,392,0.0,2025-12-24T00:02:29.261100Z
15250,16,27.730000000000004,55.46000000000001,0.57,0.49480000000000013,228,0.0,2025-12-24T00:02:29.359198Z
15500,16,1.1231249999999964,2.2462499999999928,0.98,0.5850750000000001,392,0.0,2025-12-24T00:02:29.455347Z
15750,16,3.6658333333333264,7.331666666666652,0.98,0.48970000000000014,392,0.0,2025-12-24T00:02:29.546783Z
16000,16,1.34687499999999,2.69374999999998,0.98,0.5361250000000003,392,0.0,2025-12-24T00:02:29.642224Z
16250,17,12.190000000000001,24.380000000000003,0.5575,0.48240000000000016,223,0.0,2025-12-24T00:02:29.735226Z
16500,17,-13.518958333333337,-27.037916666666675,0.98,0.5634250000000002,392,0.0,2025-12-24T00:02:29.831047Z
16750,17,9.805625000000006,19.611250000000013,0.98,0.4827750000000002,392,0.0,2025-12-24T00:02:29.921607Z
17000,17,-6.394375000000007,-12.788750000000014,0.98,0.5687750000000001,392,0.0,2025-12-24T00:02:30.016864Z
17250,18,7.683124999999999,15.366249999999997,0.5675,0.47867500000000013,227,0.0,2025-12-24T00:02:30.114476Z
17500,18,21.222500000000004,42.44500000000001,0.98,0.5531000000000003,392,0.0,2025-12-24T00:02:30.209054Z
17750,18,25.695000000000014,51.39000000000003,0.98,0.46620000000000034,392,0.0,2025-12-24T00:02:30.300130Z
18000,18,11.951875000000037,23.903750000000073,0.98,0.5719250000000001,392,0.0,2025-12-24T00:02:30.395184Z
18250,19,11.465,22.93,0.54,0.4934000000000001,216,0.0,2025-12-24T00:02:30.489140Z
18500,19,20.198125,40.39625,0.98,0.5620750000000002,392,0.0,2025-12-24T00:02:30.585147Z
18750,19,12.413124999999994,24.826249999999987,0.98,0.48347500000000027,392,0.0,2025-12-24T00:02:30.675838Z
19000,19,-14.531250000000004,-29.062500000000007,0.98,0.5682500000000001,392,0.0,2025-12-24T00:02:30.770349Z
19250,20,-8.540625000000004,-17.081250000000008,0.555,0.4796250000000002,222,0.0,2025-12-24T00:02:30.862133Z
19500,20,-13.940416666666673,-27.880833333333342,0.98,0.5719500000000002,392,0.0,2025-12-24T00:02:30.957633Z
19750,20,-12.059583333333334,-24.11916666666667,0.98,0.49505000000000005,392,0.0,2025-12-24T00:02:31.050096Z
20000,20,21.564375,43.12875,0.98,0.5554250000000002,392,0.0,2025-12-24T00:02:31.145585Z
20250,21,8.390624999999995,16.78124999999999,0.5525,0.46837500000000015,221,0.0,2025-12-24T00:02:31.239890Z
20500,21,26.503750000000004,53.00750000000001,0.98,0.5538500000000002,392,0.0,2025-12-24T00:02:31.335004Z
20750,21,21.890625000000014,43.78125000000003,0.98,0.4643750000000001,392,0.0,2025-12-24T00:02:31.425968Z
21000,21,7.30125000000003,14.60250000000006,0.98,0.5679500000000001,392,0.0,2025-12-24T00:02:31.521128Z
21250,22,31.01833333333334,62.036666666666676,0.555,0.46760000000000007,222,0.0,2025-12-24T00:02:31.618259Z
21500,22,13.296458333333337,26.592916666666678,0.98,0.5524750000000002,392,0.0,2025-12-24T00:02:31.712686Z
21750,22,5.691458333333337,11.382916666666675,0.98,0.46867500000000006,392,0.0,2025-12-24T00:02:31.803426Z
22000,22,-14.787500000000003,-29.575000000000006,0.98,0.5775000000000001,392,0.0,2025-12-24T00:02:31.898277Z
22250,23,13.298125,26.59625,0.5675,0.46807500000000013,227,0.0,2025-12-24T00:02:31.993783Z
22500,23,21.750625000000007,43.50125000000001,0.98,0.5479750000000001,392,0.0,2025-12-24T00:02:32.088517Z
22750,23,21.93500000000001,43.87000000000002,0.98,0.4626000000000001,392,0.0,2025-12-24T00:02:32.181053Z
23000,23,7.210625000000029,14.421250000000057,0.98,0.5715750000000002,392,0.0,2025-12-24T00:02:32.276395Z
23250,24,-8.723125000000003,-17.446250000000006,0.5575,0.48692500000000016,223,0.0,2025-12-24T00:02:32.368675Z
23500,24,-5.52729166666667,-11.054583333333342,0.98,0.5634250000000002,392,0.0,2025-12-24T00:02:32.462997Z
23750,24,-12.213541666666671,-24.42708333333334,0.98,0.48287500000000017,392,0.0,2025-12-24T00:02:32.554449Z
24000,24,12.32812500000002,24.65625000000004,0.98,0.5668750000000002,392,0.0,2025-12-24T00:02:32.649808Z
24250,25,-11.124166666666673,-22.248333333333342,0.5825,0.5153000000000002,233,0.0,2025-12-24T00:02:32.750400Z
24500,25,3.6995833333333277,7.399166666666658,0.98,0.5563500000000002,392,0.0,2025-12-24T00:02:32.844610Z
24750,25,9.957083333333326,19.914166666666656,0.98,0.49405000000000016,392,0.0,2025-12-24T00:02:32.936828Z
25000,25,13.635000000000005,27.27000000000001,0.98,0.5226000000000002,392,0.0,2025-12-24T00:02:33.032871Z
25250,26,34.06812500000001,68.13625000000002,0.5625,0.4612750000000001,225,0.0,2025-12-24T00:02:33.127596Z
25500,26,13.45645833333333,26.912916666666664,0.98,0.5480750000000003,392,0.0,2025-12-24T00:02:33.221824Z
25750,26,5.705625000000003,11.411250000000006,0.98,0.4697750000000003,392,0.0,2025-12-24T00:02:33.311659Z
26000,26,-14.718124999999999,-29.436249999999998,0.98,0.5747249999999999,392,0.0,2025-12-24T00:02:33.405705Z
26250,27,6.861874999999994,13.723749999999988,0.5625,0.4975250000000001,225,0.0,2025-12-24T00:02:33.501640Z
26500,27,-14.43729166666667,-28.874583333333337,0.98,0.5828250000000001,392,0.0,2025-12-24T00:02:33.596776Z
26750,27,-12.224791666666672,-24.44958333333334,0.98,0.4933250000000002,392,0.0,2025-12-24T00:02:33.688615Z
27000,27,23.276250000000008,46.552500000000016,0.98,0.53295,392,0.0,2025-12-24T00:02:33.784515Z
27250,28,11.902083333333337,23.804166666666674,0.575,0.48425000000000007,230,0.0,2025-12-24T00:02:33.885560Z
27500,28,-13.99333333333334,-27.98666666666668,0.98,0.5724000000000002,392,0.0,2025-12-24T00:02:33.981267Z
27750,28,4.285208333333333,8.570416666666665,0.98,0.47092500000000015,392,0.0,2025-12-24T00:02:34.072806Z
28000,28,-13.777500000000002,-27.555000000000003,0.98,0.5771000000000001,392,0.0,2025-12-24T00:02:34.167978Z
28250,29,8.336874999999996,16.67374999999999,0.5375,0.4705250000000001,215,0.0,2025-12-24T00:02:34.262442Z
28500,29,13.342083333333333,26.68416666666667,0.98,0.5526500000000002,392,0.0,2025-12-24T00:02:34.357099Z
28750,29,10.305833333333334,20.61166666666667,0.98,0.47010000000000013,392,0.0,2025-12-24T00:02:34.448266Z
29000,29,-7.133750000000008,-14.267500000000016,0.98,0.5733500000000001,392,0.0,2025-12-24T00:02:34.542766Z
29250,30,39.68500000000001,79.37000000000002,0.5775,0.4946000000000001,231,0.0,2025-12-24T00:02:34.640165Z
29500,30,18.705833333333324,37.41166666666664,0.98,0.5721,392,0.0,2025-12-24T00:02:34.736535Z
29750,30,-12.2725,-24.545,0.98,0.4789,392,0.0,2025-12-24T00:02:34.829400Z
30000,30,-14.26875,-28.5375,0.98,0.5577500000000001,392,0.0,2025-12-24T00:02:34.925375Z
30250,31,9.638958333333338,19.277916666666677,0.5475,0.4827750000000001,219,0.0,2025-12-24T00:02:35.025579Z
30500,31,-14.005833333333339,-28.011666666666677,0.98,0.5729000000000002,392,0.0,2025-12-24T00:02:35.120921Z
30750,31,9.240208333333351,18.480416666666706,0.98,0.4687250000000001,392,0.0,2025-12-24T00:02:35.212088Z
31000,31,-14.625625000000005,-29.25125000000001,0.98,0.5710250000000002,392,0.0,2025-12-24T00:02:35.306616Z
31250,32,28.46708333333334,56.93416666666667,0.54,0.48565000000000014,216,0.0,2025-12-24T00:02:35.407280Z
31500,32,-14.332291666666675,-28.664583333333347,0.98,0.5776250000000003,392,0.0,2025-12-24T00:02:35.502851Z
31750,32,-11.846041666666673,-23.692083333333343,0.98,0.47817500000000024,392,0.0,2025-12-24T00:02:35.594186Z
32000,32,-5.813750000000002,-11.627500000000005,0.98,0.5585500000000001,392,0.0,2025-12-24T00:02:35.689513Z
32250,33,-9.075000000000001,-18.150000000000002,0.5475,0.5010000000000001,219,0.0,2025-12-24T00:02:35.784061Z
32500,33,-7.144166666666671,-14.288333333333343,0.98,0.5801000000000002,392,0.0,2025-12-24T00:02:35.878602Z
32750,33,-12.703750000000007,-25.407500000000013,0.98,0.49415000000000026,392,0.0,2025-12-24T00:02:35.969414Z
33000,33,-8.253125000000008,-16.506250000000016,0.98,0.5621250000000002,392,0.0,2025-12-24T00:02:36.063505Z
33250,34,-9.048125,-18.09625,0.55,0.49992500000000006,220,0.0,2025-12-24T00:02:36.156436Z
33500,34,13.299374999999987,26.598749999999974,0.98,0.5780250000000001,392,0.0,2025-12-24T00:02:36.251202Z
33750,34,4.268750000000006,8.537500000000012,0.98,0.49024999999999996,392,0.0,2025-12-24T00:02:36.341898Z
34000,34,29.476875,58.95375,0.98,0.5389250000000001,392,0.0,2025-12-24T00:02:36.437655Z
34250,35,6.4218749999999964,12.843749999999993,0.5575,0.503125,223,0.0,2025-12-24T00:02:36.534146Z
34500,35,-14.886250000000002,-29.772500000000004,0.98,0.5824500000000001,392,0.0,2025-12-24T00:02:36.628328Z
34750,35,-12.238541666666672,-24.47708333333334,0.98,0.4938750000000002,392,0.0,2025-12-24T00:02:36.719166Z
35000,35,22.683125000000008,45.366250000000015,0.98,0.5406750000000001,392,0.0,2025-12-24T00:02:36.814084Z
35250,36,29.362500000000004,58.72500000000001,0.56,0.4675000000000002,224,0.0,2025-12-24T00:02:36.908142Z
35500,36,13.333958333333333,26.66791666666667,0.98,0.5529750000000002,392,0.0,2025-12-24T00:02:37.002325Z
35750,36,4.561875000000004,9.123750000000008,0.98,0.4715250000000002,392,0.0,2025-12-24T00:02:37.093088Z
36000,36,-14.790625000000007,-29.581250000000015,0.98,0.5776250000000003,392,0.0,2025-12-24T00:02:37.187323Z
36250,37,-8.893125000000001,-17.786250000000003,0.57,0.4937250000000001,228,0.0,2025-12-24T00:02:37.284542Z
36500,37,-13.727083333333338,-27.454166666666676,0.98,0.5717500000000002,392,0.0,2025-12-24T00:02:37.379460Z
36750,37,-12.45625,-24.9125,0.98,0.48525000000000007,392,0.0,2025-12-24T00:02:37.470108Z
37000,37,-14.341250000000002,-28.682500000000005,0.98,0.5606500000000001,392,0.0,2025-12-24T00:02:37.565140Z
37250,38,-9.518125,-19.03625,0.5275,0.518725,211,0.0,2025-12-24T00:02:37.665519Z
37500,38,6.950833333333328,13.901666666666658,0.98,0.5823000000000002,392,0.0,2025-12-24T00:02:37.758893Z
37750,38,8.606250000000003,17.212500000000006,0.98,0.4837500000000001,392,0.0,2025-12-24T00:02:37.849031Z
38000,38,14.002499999999982,28.004999999999963,0.98,0.5419000000000002,392,0.0,2025-12-24T00:02:37.942765Z
38250,39,15.011875,30.02375,0.54,0.47752500000000014,216,0.0,2025-12-24T00:02:38.036696Z
38500,39,13.250208333333333,26.50041666666667,0.98,0.5563250000000002,392,0.0,2025-12-24T00:02:38.131544Z
38750,39,-11.712291666666669,-23.424583333333334,0.98,0.47382500000000005,392,0.0,2025-12-24T00:02:38.222607Z
39000,39,-6.597500000000009,-13.195000000000018,0.98,0.5759000000000002,392,0.0,2025-12-24T00:02:38.319539Z
39250,40,28.381875000000004,56.76375000000001,0.5575,0.48472500000000013,223,0.0,2025-12-24T00:02:38.412030Z
39500,40,33.420625,66.84125,0.98,0.5771750000000002,392,0.0,2025-12-24T00:02:38.506038Z
39750,40,24.06687500000001,48.13375000000002,0.98,0.4873250000000002,392,0.0,2025-12-24T00:02:38.596672Z
40000,40,-12.887500000000005,-25.77500000000001,0.98,0.5395000000000002,392,0.0,2025-12-24T00:02:38.691535Z
40250,41,28.827708333333348,57.65541666666669,0.5725,0.477225,229,0.0,2025-12-24T00:02:38.792750Z
40500,41,2.7233333333333256,5.446666666666654,0.98,0.5674000000000001,392,0.0,2025-12-24T00:02:38.887531Z
40750,41,4.297083333333335,8.594166666666668,0.98,0.4704500000000001,392,0.0,2025-12-24T00:02:38.978716Z
41000,41,12.445625000000025,24.89125000000005,0.98,0.5701750000000001,392,0.0,2025-12-24T00:02:39.073556Z
41250,42,9.096250000000005,18.19250000000001,0.56,0.48415000000000014,224,0.0,2025-12-24T00:02:39.165530Z
41500,42,-6.826666666666671,-13.653333333333341,0.98,0.5774000000000001,392,0.0,2025-12-24T00:02:39.260176Z
41750,42,5.487708333333334,10.97541666666667,0.98,0.48682500000000006,392,0.0,2025-12-24T00:02:39.352020Z
42000,42,-4.458125000000008,-8.916250000000016,0.98,0.5423250000000002,392,0.0,2025-12-24T00:02:39.447731Z
42250,43,9.852499999999996,19.70499999999999,0.5525,0.4959000000000001,221,0.0,2025-12-24T00:02:39.543691Z
42500,43,12.613958333333334,25.227916666666673,0.98,0.5717750000000001,392,0.0,2025-12-24T00:02:39.638831Z
42750,43,9.968124999999997,19.936249999999994,0.98,0.4872750000000002,392,0.0,2025-12-24T00:02:39.731156Z
43000,43,14.98312499999998,29.96624999999996,0.98,0.5526750000000002,392,0.0,2025-12-24T00:02:39.826372Z
43250,44,-8.613125000000002,-17.226250000000004,0.5675,0.47252500000000014,227,0.0,2025-12-24T00:02:39.920511Z
43500,44,-4.931666666666672,-9.863333333333346,0.98,0.5556000000000002,392,0.0,2025-12-24T00:02:40.015306Z
43750,44,9.326250000000016,18.652500000000032,0.98,0.47095000000000015,392,0.0,2025-12-24T00:02:40.106207Z
44000,44,19.558125000000025,39.11625000000005,0.98,0.573675,392,0.0,2025-12-24T00:02:40.201851Z
44250,45,7.394374999999997,14.788749999999993,0.55,0.4822250000000001,220,0.0,2025-12-24T00:02:40.299453Z
44500,45,20.471250000000005,40.94250000000001,0.98,0.5591500000000003,392,0.0,2025-12-24T00:02:40.394117Z
44750,45,21.950625000000006,43.90125000000001,0.98,0.46997500000000014,392,0.0,2025-12-24T00:02:40.484804Z
45000,45,8.875625000000026,17.751250000000052,0.98,0.5549750000000002,392,0.0,2025-12-24T00:02:40.579635Z
45250,46,10.238124999999997,20.476249999999993,0.5475,0.49047500000000005,219,0.0,2025-12-24T00:02:40.672618Z
45500,46,12.689374999999998,25.378749999999997,0.98,0.5704250000000003,392,0.0,2025-12-24T00:02:40.766500Z
45750,46,7.998333333333333,15.996666666666668,0.98,0.4864000000000002,392,0.0,2025-12-24T00:02:40.857174Z
46000,46,13.015625000000005,26.03125000000001,0.98,0.5473750000000002,392,0.0,2025-12-24T00:02:40.951313Z
46250,47,13.126250000000002,26.252500000000005,0.5375,0.48695000000000005,215,0.0,2025-12-24T00:02:41.049461Z
46500,47,26.00312499999999,52.00624999999998,0.98,0.5638750000000002,392,0.0,2025-12-24T00:02:41.145245Z
46750,47,8.875625000000024,17.75125000000005,0.98,0.4759750000000001,392,0.0,2025-12-24T00:02:41.236447Z
47000,47,24.022500000000022,48.045000000000044,0.98,0.5491000000000003,392,0.0,2025-12-24T00:02:41.331266Z
47250,48,-6.197500000000002,-12.395000000000003,0.535,0.4959000000000001,214,0.0,2025-12-24T00:02:41.429516Z
47500,48,-13.85645833333334,-27.71291666666668,0.98,0.5769250000000002,392,0.0,2025-12-24T00:02:41.524451Z
47750,48,3.9656249999999993,7.931249999999999,0.98,0.46637500000000015,392,0.0,2025-12-24T00:02:41.615259Z
48000,48,-14.325000000000005,-28.65000000000001,0.98,0.5590000000000002,392,0.0,2025-12-24T00:02:41.711232Z
48250,49,27.916250000000005,55.83250000000001,0.555,0.47735000000000016,222,0.0,2025-12-24T00:02:41.809867Z
48500,49,21.132499999999986,42.26499999999997,0.98,0.5647000000000002,392,0.0,2025-12-24T00:02:41.903730Z
48750,49,4.065625000000001,8.131250000000001,0.98,0.4723750000000001,392,0.0,2025-12-24T00:02:41.994160Z
49000,49,7.526875000000027,15.053750000000054,0.98,0.5589250000000002,392,0.0,2025-12-24T00:02:42.088216Z
49250,50,-9.413125000000004,-18.82625000000001,0.55,0.5145250000000002,220,0.0,2025-12-24T00:02:42.187378Z
49500,50,18.546875,37.09375,0.98,0.5721250000000001,392,0.0,2025-12-24T00:02:42.281630Z
49750,50,2.3606249999999935,4.721249999999987,0.98,0.48157500000000025,392,0.0,2025-12-24T00:02:42.371964Z
50000,50,-5.294375000000002,-10.588750000000005,0.98,0.5577750000000001,392,0.0,2025-12-24T00:02:42.466328Z
50250,51,7.9999999999999964,15.999999999999993,0.54,0.48000000000000015,216,0.0,2025-12-24T00:02:42.563898Z
50500,51,20.653750000000002,41.307500000000005,0.98,0.5598500000000002,392,0.0,2025-12-24T00:02:42.658956Z
50750,51,18.209374999999994,36.41874999999999,0.98,0.4696250000000002,392,0.0,2025-12-24T00:02:42.749781Z
51000,51,13.618750000000032,27.237500000000065,0.98,0.5552500000000002,392,0.0,2025-12-24T00:02:42.844035Z
51250,52,7.498749999999998,14.997499999999995,0.5325,0.4780500000000001,213,0.0,2025-12-24T00:02:42.942115Z
51500,52,26.488750000000003,52.977500000000006,0.98,0.5544500000000002,392,0.0,2025-12-24T00:02:43.037192Z
51750,52,25.641875000000027,51.283750000000055,0.98,0.4683250000000001,392,0.0,2025-12-24T00:02:43.128306Z
52000,52,13.55625000000002,27.11250000000004,0.98,0.5637500000000003,392,0.0,2025-12-24T00:02:43.222112Z
52250,53,33.29583333333334,66.59166666666668,0.5525,0.4805000000000002,221,0.0,2025-12-24T00:02:43.321053Z
52500,53,-14.06729166666667,-28.134583333333335,0.98,0.5680250000000001,392,0.0,2025-12-24T00:02:43.415883Z
52750,53,-12.064166666666669,-24.128333333333334,0.98,0.47690000000000005,392,0.0,2025-12-24T00:02:43.506482Z
53000,53,-6.241875000000004,-12.483750000000008,0.98,0.5676750000000002,392,0.0,2025-12-24T00:02:43.600980Z
53250,54,10.555625000000006,21.111250000000013,0.5575,0.4957750000000001,223,0.0,2025-12-24T00:02:43.696849Z
53500,54,-7.881666666666671,-15.76333333333334,0.98,0.5776000000000002,392,0.0,2025-12-24T00:02:43.791018Z
53750,54,6.12562500000001,12.25125000000002,0.98,0.48997500000000005,392,0.0,2025-12-24T00:02:43.881288Z
54000,54,-14.248750000000001,-28.497500000000002,0.98,0.55595,392,0.0,2025-12-24T00:02:43.976286Z
54250,55,10.710208333333341,21.420416666666682,0.5375,0.47992500000000016,215,0.0,2025-12-24T00:02:44.072375Z
54500,55,-13.539583333333336,-27.079166666666673,0.98,0.5642500000000001,392,0.0,2025-12-24T00:02:44.167986Z
54750,55,32.18458333333336,64.36916666666671,0.98,0.46895000000000003,392,0.0,2025-12-24T00:02:44.259767Z
55000,55,-13.639375000000001,-27.278750000000002,0.98,0.569575,392,0.0,2025-12-24T00:02:44.355843Z
55250,56,-9.185,-18.37,0.5425,0.5054000000000001,217,0.0,2025-12-24T00:02:44.452777Z
55500,56,17.17375,34.3475,0.98,0.5730500000000002,392,0.0,2025-12-24T00:02:44.547588Z
55750,56,6.647708333333336,13.295416666666673,0.98,0.4864250000000002,392,0.0,2025-12-24T00:02:44.638686Z
56000,56,13.088125000000007,26.176250000000014,0.98,0.5444750000000002,392,0.0,2025-12-24T00:02:44.734062Z
56250,57,10.298749999999998,20.597499999999997,0.5425,0.5040500000000001,217,0.0,2025-12-24T00:02:44.833147Z
56500,57,-14.14458333333334,-28.28916666666668,0.98,0.5784500000000002,392,0.0,2025-12-24T00:02:44.927066Z
56750,57,-12.017291666666674,-24.034583333333345,0.98,0.48602500000000026,392,0.0,2025-12-24T00:02:45.018728Z
57000,57,-0.44062500000000604,-0.8812500000000121,0.98,0.5566250000000001,392,0.0,2025-12-24T00:02:45.113685Z
57250,58,29.97354166666667,59.947083333333346,0.5425,0.4857250000000002,217,0.0,2025-12-24T00:02:45.213470Z
57500,58,2.4549999999999947,4.9099999999999895,0.98,0.5628000000000002,392,0.0,2025-12-24T00:02:45.308364Z
57750,58,5.198750000000013,10.397500000000026,0.98,0.4680500000000003,392,0.0,2025-12-24T00:02:45.400140Z
58000,58,25.016250000000028,50.032500000000056,0.98,0.5673500000000001,392,0.0,2025-12-24T00:02:45.494840Z
58250,59,28.74875000000001,57.49750000000002,0.5525,0.4740500000000001,221,0.0,2025-12-24T00:02:45.591693Z
58500,59,13.187083333333334,26.37416666666667,0.98,0.5588500000000002,392,0.0,2025-12-24T00:02:45.686265Z
58750,59,8.068333333333335,16.136666666666674,0.98,0.4696000000000001,392,0.0,2025-12-24T00:02:45.777359Z
59000,59,-14.603750000000002,-29.207500000000003,0.98,0.57015,392,0.0,2025-12-24T00:02:45.871514Z
59250,60,-10.309791666666673,-20.619583333333342,0.5525,0.4837250000000002,221,0.0,2025-12-24T00:02:45.963754Z
59500,60,-13.576458333333337,-27.152916666666673,0.98,0.5657250000000001,392,0.0,2025-12-24T00:02:46.058380Z
59750,60,12.934374999999992,25.868749999999984,0.98,0.48062500000000014,392,0.0,2025-12-24T00:02:46.149994Z
60000,60,-7.280625000000012,-14.561250000000024,0.98,0.5712250000000003,392,0.0,2025-12-24T00:02:46.244871Z
60250,61,35.749375,71.49875,0.555,0.5060250000000002,222,0.0,2025-12-24T00:02:46.343474Z
60500,61,-7.289791666666671,-14.579583333333343,0.98,0.5819250000000001,392,0.0,2025-12-24T00:02:46.438119Z
60750,61,8.573749999999999,17.147499999999997,0.98,0.4850500000000003,392,0.0,2025-12-24T00:02:46.529311Z
61000,61,-14.319375000000006,-28.638750000000012,0.98,0.5587750000000002,392,0.0,2025-12-24T00:02:46.623949Z
61250,62,-8.792500000000002,-17.585000000000004,0.565,0.4897000000000001,226,0.0,2025-12-24T00:02:46.716751Z
61500,62,-7.2485416666666715,-14.497083333333343,0.98,0.5722750000000002,392,0.0,2025-12-24T00:02:46.812094Z
61750,62,-12.196666666666673,-24.39333333333334,0.98,0.4932000000000002,392,0.0,2025-12-24T00:02:46.903623Z
62000,62,-14.498125000000009,-28.996250000000018,0.98,0.5659250000000003,392,0.0,2025-12-24T00:02:46.998345Z
62250,63,14.963125000000009,29.926250000000017,0.5425,0.49347500000000005,217,0.0,2025-12-24T00:02:47.092859Z
62500,63,-8.249166666666671,-16.49833333333334,0.98,0.5883000000000002,392,0.0,2025-12-24T00:02:47.186805Z
62750,63,21.467500000000015,42.93500000000003,0.98,0.48930000000000007,392,0.0,2025-12-24T00:02:47.277117Z
63000,63,-13.982500000000003,-27.965000000000007,0.98,0.5453000000000001,392,0.0,2025-12-24T00:02:47.371387Z
63250,64,0.1324999999999985,0.264999999999997,0.5375,0.5067000000000002,215,0.0,2025-12-24T00:02:47.471986Z
63500,64,12.662083333333328,25.32416666666666,0.98,0.5718500000000002,392,0.0,2025-12-24T00:02:47.566089Z
63750,64,8.998125000000005,17.99625000000001,0.98,0.46907500000000013,392,0.0,2025-12-24T00:02:47.657198Z
64000,64,-14.328125000000002,-28.656250000000004,0.98,0.5591250000000001,392,0.0,2025-12-24T00:02:47.752905Z
64250,65,10.9875,21.975,0.565,0.5005000000000002,226,0.0,2025-12-24T00:02:47.849475Z
64500,65,-13.862083333333338,-27.724166666666676,0.98,0.5771500000000002,392,0.0,2025-12-24T00:02:47.944359Z
64750,65,-12.312291666666667,-24.62458333333333,0.98,0.487825,392,0.0,2025-12-24T00:02:48.035538Z
65000,65,2.012499999999994,4.024999999999988,0.98,0.5565000000000001,392,0.0,2025-12-24T00:02:48.130426Z
65250,66,13.441250000000005,26.88250000000001,0.58,0.47035000000000016,232,0.0,2025-12-24T00:02:48.221863Z
65500,66,21.001875000000005,42.00375000000001,0.98,0.5519250000000002,392,0.0,2025-12-24T00:02:48.315911Z
65750,66,15.63083333333333,31.261666666666663,0.98,0.4911000000000002,392,0.0,2025-12-24T00:02:48.407912Z
66000,66,-14.431250000000006,-28.86250000000001,0.98,0.5632500000000003,392,0.0,2025-12-24T00:02:48.503872Z
66250,67,29.708125000000013,59.416250000000026,0.545,0.481675,218,0.0,2025-12-24T00:02:48.597965Z
66500,67,12.717708333333333,25.43541666666667,0.98,0.5676250000000003,392,0.0,2025-12-24T00:02:48.693075Z
66750,67,7.377500000000001,14.755000000000003,0.98,0.48890000000000017,392,0.0,2025-12-24T00:02:48.785947Z
67000,67,13.453749999999983,26.907499999999967,0.98,0.5648500000000002,392,0.0,2025-12-24T00:02:48.881484Z
67250,68,-2.9204166666666715,-5.840833333333345,0.5375,0.4791500000000002,215,0.0,2025-12-24T00:02:48.975630Z
67500,68,-13.660208333333339,-27.320416666666677,0.98,0.5690750000000002,392,0.0,2025-12-24T00:02:49.070356Z
67750,68,-11.924166666666672,-23.84833333333334,0.98,0.48130000000000017,392,0.0,2025-12-24T00:02:49.160749Z
68000,68,-6.6837500000000105,-13.367500000000021,0.98,0.5713500000000002,392,0.0,2025-12-24T00:02:49.255068Z
68250,69,13.226249999999997,26.452499999999993,0.55,0.48295000000000016,220,0.0,2025-12-24T00:02:49.352144Z
68500,69,12.902708333333333,25.80541666666667,0.98,0.5702250000000002,392,0.0,2025-12-24T00:02:49.447206Z
68750,69,5.319375000000004,10.638750000000009,0.98,0.48022500000000007,392,0.0,2025-12-24T00:02:49.538565Z
69000,69,-8.20375000000001,-16.40750000000002,0.98,0.5601500000000003,392,0.0,2025-12-24T00:02:49.633904Z
69250,70,28.302708333333342,56.60541666666668,0.55,0.47022500000000017,220,0.0,2025-12-24T00:02:49.730678Z
69500,70,13.19958333333333,26.399166666666662,0.98,0.5583500000000003,392,0.0,2025-12-24T00:02:49.825780Z
69750,70,8.007083333333334,16.01416666666667,0.98,0.47205000000000014,392,0.0,2025-12-24T00:02:49.916688Z
70000,70,-14.690624999999999,-29.381249999999998,0.98,0.5736249999999999,392,0.0,2025-12-24T00:02:50.011345Z
70250,71,40.19187500000002,80.38375000000003,0.565,0.4883250000000002,226,0.0,2025-12-24T00:02:50.105568Z
70500,71,23.687500000000007,47.375000000000014,0.98,0.5765000000000001,392,0.0,2025-12-24T00:02:50.200354Z
70750,71,22.099375000000006,44.19875000000001,0.98,0.4900250000000001,392,0.0,2025-12-24T00:02:50.290985Z
71000,71,-12.925000000000006,-25.850000000000012,0.98,0.5530000000000003,392,0.0,2025-12-24T00:02:50.385587Z
71250,72,-10.199375000000002,-20.398750000000003,0.55,0.4899750000000001,220,0.0,2025-12-24T00:02:50.485757Z
71500,72,19.90375,39.8075,0.98,0.5618500000000002,392,0.0,2025-12-24T00:02:50.580616Z
71750,72,22.603125000000013,45.206250000000026,0.98,0.46587500000000015,392,0.0,2025-12-24T00:02:50.671729Z
72000,72,7.600625000000026,15.201250000000051,0.98,0.5559750000000002,392,0.0,2025-12-24T00:02:50.765785Z
72250,73,-10.230625000000002,-20.461250000000003,0.565,0.4912250000000001,226,0.0,2025-12-24T00:02:50.865861Z
72500,73,-13.78958333333334,-27.57916666666668,0.98,0.5742500000000003,392,0.0,2025-12-24T00:02:50.960726Z
72750,73,4.382083333333336,8.76416666666667,0.98,0.4670500000000001,392,0.0,2025-12-24T00:02:51.051499Z
73000,73,-6.3493750000000055,-12.698750000000011,0.98,0.5639750000000002,392,0.0,2025-12-24T00:02:51.146148Z
73250,74,-10.013125000000004,-20.026250000000008,0.5425,0.47252500000000014,217,0.0,2025-12-24T00:02:51.240161Z
73500,74,-5.176041666666672,-10.352083333333345,0.98,0.5573750000000003,392,0.0,2025-12-24T00:02:51.334534Z
73750,74,9.649583333333348,19.2991666666667,0.98,0.4663500000000001,392,0.0,2025-12-24T00:02:51.424757Z
74000,74,19.94062500000002,39.88125000000004,0.98,0.5663750000000001,392,0.0,2025-12-24T00:02:51.518819Z
74250,75,34.64770833333335,69.2954166666667,0.5675,0.46442500000000003,227,0.0,2025-12-24T00:02:51.614296Z
74500,75,-20.061250000000005,-40.12250000000001,0.98,0.7724500000000002,392,0.0,2025-12-24T00:02:51.714753Z
74750,75,-25.75,-51.5,0.98,1.0,392,0.0,2025-12-24T00:02:51.858632Z
75000,75,-25.75,-51.5,0.98,1.0,392,0.0,2025-12-24T00:02:52.002016Z
75250,76,-9.090000000000003,-18.180000000000007,0.545,0.5016000000000002,218,0.0,2025-12-24T00:02:52.096813Z
75500,76,-14.105833333333338,-28.211666666666677,0.98,0.5769000000000002,392,0.0,2025-12-24T00:02:52.190907Z
75750,76,-12.571666666666673,-25.14333333333334,0.98,0.4972000000000002,392,0.0,2025-12-24T00:02:52.280602Z
76000,76,13.66874999999998,27.33749999999996,0.98,0.5552500000000002,392,0.0,2025-12-24T00:02:52.374388Z
76250,77,17.12375000000001,34.24750000000002,0.545,0.48505000000000026,218,0.0,2025-12-24T00:02:52.467858Z
76500,77,-5.601041666666667,-11.202083333333336,0.98,0.5583750000000001,392,0.0,2025-12-24T00:02:52.562841Z
76750,77,4.911875,9.82375,0.98,0.48152500000000026,392,0.0,2025-12-24T00:02:52.653133Z
77000,77,-14.731874999999999,-29.463749999999997,0.98,0.575275,392,0.0,2025-12-24T00:02:52.747689Z
77250,78,10.134374999999995,20.26874999999999,0.57,0.4886250000000001,228,0.0,2025-12-24T00:02:52.840182Z
77500,78,12.620625,25.24125,0.98,0.5631750000000002,392,0.0,2025-12-24T00:02:52.934219Z
77750,78,7.883958333333334,15.76791666666667,0.98,0.49097500000000016,392,0.0,2025-12-24T00:02:53.024953Z
78000,78,12.730000000000006,25.46000000000001,0.98,0.5588000000000002,392,0.0,2025-12-24T00:02:53.120279Z
78250,79,10.081874999999998,20.163749999999997,0.5675,0.5047250000000001,227,0.0,2025-12-24T00:02:53.218462Z
78500,79,-14.327916666666674,-28.655833333333344,0.98,0.5774500000000002,392,0.0,2025-12-24T00:02:53.313298Z
78750,79,-12.559166666666673,-25.118333333333343,0.98,0.49670000000000025,392,0.0,2025-12-24T00:02:53.404035Z
79000,79,22.946249999999985,45.89249999999997,0.98,0.5481500000000002,392,0.0,2025-12-24T00:02:53.503042Z
79250,80,6.662499999999998,13.324999999999996,0.56,0.4995000000000001,224,0.0,2025-12-24T00:02:53.597736Z
79500,80,13.268958333333316,26.537916666666636,0.98,0.5835750000000002,392,0.0,2025-12-24T00:02:53.692744Z
79750,80,-12.232916666666673,-24.465833333333343,0.98,0.49465000000000026,392,0.0,2025-12-24T00:02:53.784293Z
80000,80,29.6525,59.305,0.98,0.5319000000000002,392,0.0,2025-12-24T00:02:53.879115Z
80250,81,-9.311250000000001,-18.622500000000002,0.5475,0.5104500000000001,219,0.0,2025-12-24T00:02:53.977775Z
80500,81,12.800833333333324,25.601666666666652,0.98,0.5703000000000003,392,0.0,2025-12-24T00:02:54.072916Z
80750,81,5.920625000000012,11.841250000000024,0.98,0.47817500000000007,392,0.0,2025-12-24T00:02:54.164248Z
81000,81,-14.361875000000003,-28.723750000000006,0.98,0.5614750000000002,392,0.0,2025-12-24T00:02:54.259640Z
81250,82,9.998125000000009,19.996250000000018,0.545,0.502075,218,0.0,2025-12-24T00:02:54.357373Z
81500,82,19.105624999999996,38.21124999999999,0.98,0.5697750000000001,392,0.0,2025-12-24T00:02:54.454065Z
81750,82,5.836875000000008,11.673750000000016,0.98,0.48052500000000015,392,0.0,2025-12-24T00:02:54.546165Z
82000,82,-14.456875000000004,-28.913750000000007,0.98,0.5642750000000002,392,0.0,2025-12-24T00:02:54.641953Z
82250,83,-10.8725,-21.745,0.5225,0.5069,209,0.0,2025-12-24T00:02:54.743433Z
82500,83,19.866874999999993,39.733749999999986,0.98,0.5693250000000003,392,0.0,2025-12-24T00:02:54.837704Z
82750,83,30.478750000000023,60.957500000000046,0.98,0.46685000000000015,392,0.0,2025-12-24T00:02:54.930869Z
83000,83,7.751250000000027,15.502500000000055,0.98,0.55195,392,0.0,2025-12-24T00:02:55.027768Z
83250,84,-9.335000000000004,-18.67000000000001,0.5675,0.5114000000000002,227,0.0,2025-12-24T00:02:55.125964Z
83500,84,2.163124999999992,4.326249999999984,0.98,0.5814750000000003,392,0.0,2025-12-24T00:02:55.220007Z
83750,84,13.852708333333345,27.705416666666693,0.98,0.48822499999999996,392,0.0,2025-12-24T00:02:55.311798Z
84000,84,13.345625000000002,26.691250000000004,0.98,0.5341750000000003,392,0.0,2025-12-24T00:02:55.407703Z
84250,85,13.444375000000008,26.888750000000016,0.5675,0.504225,227,0.0,2025-12-24T00:02:55.505695Z
84500,85,18.35312499999999,36.70624999999998,0.98,0.5718750000000002,392,0.0,2025-12-24T00:02:55.600337Z
84750,85,29.768124999999998,59.536249999999995,0.98,0.485275,392,0.0,2025-12-24T00:02:55.691754Z
85000,85,-14.216250000000002,-28.432500000000005,0.98,0.5546500000000001,392,0.0,2025-12-24T00:02:55.786396Z
85250,86,9.994375000000005,19.98875000000001,0.5625,0.4882250000000001,225,0.0,2025-12-24T00:02:55.886583Z
85500,86,13.154583333333328,26.30916666666666,0.98,0.5601500000000001,392,0.0,2025-12-24T00:02:55.981380Z
85750,86,6.671458333333337,13.342916666666676,0.98,0.47547500000000015,392,0.0,2025-12-24T00:02:56.071779Z
86000,86,-14.493749999999999,-28.987499999999997,0.98,0.56575,392,0.0,2025-12-24T00:02:56.165685Z
86250,87,-10.139375000000001,-20.278750000000002,0.5725,0.4875750000000001,229,0.0,2025-12-24T00:02:56.263770Z
86500,87,-4.814166666666674,-9.62833333333335,0.98,0.5609000000000003,392,0.0,2025-12-24T00:02:56.358354Z
86750,87,6.065000000000019,12.130000000000038,0.98,0.4694000000000001,392,0.0,2025-12-24T00:02:56.449534Z
87000,87,20.24875000000003,40.49750000000006,0.98,0.5700500000000001,392,0.0,2025-12-24T00:02:56.545364Z
87250,88,17.746250000000003,35.49250000000001,0.56,0.4861500000000001,224,0.0,2025-12-24T00:02:56.642762Z
87500,88,-13.81833333333334,-27.63666666666668,0.98,0.5754000000000002,392,0.0,2025-12-24T00:02:56.737796Z
87750,88,3.8456249999999983,7.691249999999997,0.98,0.47117500000000023,392,0.0,2025-12-24T00:02:56.828811Z
88000,88,7.706875000000025,15.41375000000005,0.98,0.5537250000000001,392,0.0,2025-12-24T00:02:56.923236Z
88250,89,12.105525833333335,24.211051666666673,0.5475,0.4811500000000001,219,0.0,2025-12-24T00:02:57.020581Z
88500,89,-13.634791666666674,-27.269583333333344,0.98,0.5507250000000002,392,0.0,2025-12-24T00:02:57.115679Z
88750,89,27.06625000000003,54.13250000000006,0.98,0.4653500000000001,392,0.0,2025-12-24T00:02:57.206281Z
89000,89,17.944375000000008,35.888750000000016,0.98,0.5762250000000002,392,0.0,2025-12-24T00:02:57.300754Z
89250,90,7.901458333333331,15.802916666666663,0.5425,0.4832750000000001,217,0.0,2025-12-24T00:02:57.394470Z
89500,90,23.189375000000005,46.37875000000001,0.98,0.5564250000000002,392,0.0,2025-12-24T00:02:57.488928Z
89750,90,4.430625000000006,8.861250000000013,0.98,0.4767750000000001,392,0.0,2025-12-24T00:02:57.578894Z
90000,90,12.37687500000002,24.75375000000004,0.98,0.5649250000000002,392,0.0,2025-12-24T00:02:57.674543Z
90250,91,10.468750000000004,20.937500000000007,0.56,0.4992500000000002,224,0.0,2025-12-24T00:02:57.770395Z
90500,91,-14.28770833333334,-28.57541666666668,0.98,0.5841750000000002,392,0.0,2025-12-24T00:02:57.865226Z
90750,91,8.309375,16.61875,0.98,0.4876250000000003,392,0.0,2025-12-24T00:02:57.956423Z
91000,91,22.88624999999999,45.77249999999998,0.98,0.5505500000000001,392,0.0,2025-12-24T00:02:58.051215Z
91250,92,12.755208333333329,25.510416666666657,0.53,0.48812500000000014,212,0.0,2025-12-24T00:02:58.148496Z
91500,92,13.899583333333322,27.799166666666647,0.98,0.5703500000000001,392,0.0,2025-12-24T00:02:58.243511Z
91750,92,-12.188125000000005,-24.37625000000001,0.98,0.47552500000000014,392,0.0,2025-12-24T00:02:58.334060Z
92000,92,1.8343749999999908,3.6687499999999815,0.98,0.5626250000000002,392,0.0,2025-12-24T00:02:58.428164Z
92250,93,15.889375000000001,31.778750000000002,0.54,0.4724250000000001,216,0.0,2025-12-24T00:02:58.521817Z
92500,93,13.226458333333333,26.45291666666667,0.98,0.5572750000000002,392,0.0,2025-12-24T00:02:58.616489Z
92750,93,5.166250000000005,10.33250000000001,0.98,0.47235000000000016,392,0.0,2025-12-24T00:02:58.707665Z
93000,93,-14.674375000000003,-29.348750000000006,0.98,0.5729750000000001,392,0.0,2025-12-24T00:02:58.802211Z
93250,94,30.612500000000004,61.22500000000001,0.5575,0.49150000000000005,223,0.0,2025-12-24T00:02:58.895999Z
93500,94,-8.244791666666673,-16.489583333333346,0.98,0.5881250000000002,392,0.0,2025-12-24T00:02:58.990330Z
93750,94,24.93437500000001,49.86875000000002,0.98,0.48462500000000014,392,0.0,2025-12-24T00:02:59.081171Z
94000,94,13.110000000000008,26.220000000000017,0.98,0.5436000000000001,392,0.0,2025-12-24T00:02:59.175912Z
94250,95,28.414583333333344,56.82916666666668,0.54,0.4737500000000001,216,0.0,2025-12-24T00:02:59.271042Z
94500,95,13.243333333333334,26.48666666666667,0.98,0.5566000000000002,392,0.0,2025-12-24T00:02:59.365370Z
94750,95,5.0939583333333385,10.187916666666679,0.98,0.4685750000000001,392,0.0,2025-12-24T00:02:59.456136Z
95000,95,-14.741875000000004,-29.483750000000008,0.98,0.5756750000000002,392,0.0,2025-12-24T00:02:59.551992Z
95250,96,-10.76479166666667,-21.529583333333335,0.5725,0.5019250000000001,229,0.0,2025-12-24T00:02:59.650633Z
95500,96,24.318749999999994,48.63749999999999,0.98,0.5652500000000004,392,0.0,2025-12-24T00:02:59.746161Z
95750,96,6.571250000000003,13.142500000000005,0.98,0.47115000000000024,392,0.0,2025-12-24T00:02:59.837244Z
96000,96,12.63500000000002,25.27000000000004,0.98,0.5546000000000002,392,0.0,2025-12-24T00:02:59.932122Z
96250,97,7.5699999999999985,15.139999999999997,0.555,0.48320000000000013,222,0.0,2025-12-24T00:03:00.029268Z
96500,97,13.232708333333331,26.465416666666666,0.98,0.5570250000000003,392,0.0,2025-12-24T00:03:00.124191Z
96750,97,-11.86354166666667,-23.727083333333336,0.98,0.4788750000000001,392,0.0,2025-12-24T00:03:00.215376Z
97000,97,-14.842500000000001,-29.685000000000002,0.98,0.5807000000000001,392,0.0,2025-12-24T00:03:00.310269Z
97250,98,-10.071250000000004,-20.14250000000001,0.565,0.4848500000000002,226,0.0,2025-12-24T00:03:00.409355Z
97500,98,12.620000000000006,25.240000000000013,0.98,0.5632,392,0.0,2025-12-24T00:03:00.503170Z
97750,98,35.43312500000002,70.86625000000004,0.98,0.4686750000000001,392,0.0,2025-12-24T00:03:00.594392Z
98000,98,-13.901250000000005,-27.80250000000001,0.98,0.5800500000000002,392,0.0,2025-12-24T00:03:00.689426Z
98250,99,41.02937500000001,82.05875000000002,0.5475,0.5048250000000002,219,0.0,2025-12-24T00:03:00.790814Z
98500,99,-8.096666666666675,-16.193333333333346,0.98,0.5782000000000003,392,0.0,2025-12-24T00:03:00.886558Z
98750,99,-12.027916666666671,-24.05583333333334,0.98,0.48545000000000016,392,0.0,2025-12-24T00:03:00.978274Z
99000,99,-5.291250000000007,-10.582500000000014,0.98,0.5576500000000003,392,0.0,2025-12-24T00:03:01.074794Z
99250,100,8.44770833333333,16.895416666666662,0.54,0.4994250000000002,216,0.0,2025-12-24T00:03:01.173800Z
99500,100,-7.999791666666671,-15.999583333333343,0.98,0.5763250000000002,392,0.0,2025-12-24T00:03:01.267572Z
99750,100,-11.889166666666675,-23.778333333333347,0.98,0.4799000000000003,392,0.0,2025-12-24T00:03:01.357809Z
100000,100,21.61500000000002,43.23000000000004,0.98,0.5474000000000002,392,0.0,2025-12-24T00:03:01.452083Z
