timestep,episode,reward,estimated_team_reward,coverage_ratio,threat_level_avg,exploration_score,loss,timestamp
250,0,0.0,0.0,0.3675,0.5928250000000002,147.0,,2025-12-22T00:21:40.825916Z
500,0,0.0,0.0,0.5075,0.71445,203.0,,2025-12-22T00:21:41.412739Z
750,0,0.0,0.0,0.6225,0.6676750000000001,249.0,,2025-12-22T00:21:42.139155Z
1000,0,0.0,0.0,0.7125,0.6586250000000001,285.0,,2025-12-22T00:21:42.741290Z
1250,0,0.0,0.0,0.755,0.615175,302.0,,2025-12-22T00:21:43.356560Z
1500,0,0.0,0.0,0.7625,0.7035000000000001,305.0,,2025-12-22T00:21:43.960676Z
1750,1,8850.323986210395,35401.29594484158,0.2125,0.666875,85.0,,2025-12-22T00:21:44.569367Z
2000,1,8850.323986210395,35401.29594484158,0.4975,0.6248750000000001,199.0,,2025-12-22T00:21:45.172223Z
2250,1,8850.323986210395,35401.29594484158,0.6825,0.5536000000000001,273.0,3741.41845703125,2025-12-22T00:21:47.174210Z
2500,1,8850.323986210395,35401.29594484158,0.745,0.675175,298.0,3741.41845703125,2025-12-22T00:21:47.793990Z
2750,1,8850.323986210395,35401.29594484158,0.8,0.657475,320.0,3741.41845703125,2025-12-22T00:21:48.512496Z
3000,1,8850.323986210395,35401.29594484158,0.845,0.66765,338.0,3741.41845703125,2025-12-22T00:21:49.106385Z
3250,2,9500.743993246928,38002.97597298771,0.0775,0.35632500000000017,31.0,3741.41845703125,2025-12-22T00:21:49.701845Z
3500,2,9500.743993246928,38002.97597298771,0.4,0.5791000000000001,160.0,3741.41845703125,2025-12-22T00:21:50.318454Z
3750,2,9500.743993246928,38002.97597298771,0.58,0.6641250000000001,232.0,3741.41845703125,2025-12-22T00:21:50.929726Z
4000,2,9500.743993246928,38002.97597298771,0.7175,0.6307750000000002,287.0,3741.41845703125,2025-12-22T00:21:51.531242Z
4250,2,9500.743993246928,38002.97597298771,0.7925,0.6887750000000001,317.0,5549.72802734375,2025-12-22T00:21:53.477353Z
4500,2,9500.743993246928,38002.97597298771,0.8375,0.5880000000000001,335.0,5549.72802734375,2025-12-22T00:21:54.069215Z
4750,2,9500.743993246928,38002.97597298771,0.8925,0.5594750000000001,357.0,5549.72802734375,2025-12-22T00:21:54.815897Z
5000,3,9754.322095677568,39017.28838271027,0.2525,0.58835,101.0,5549.72802734375,2025-12-22T00:21:55.442536Z
5250,3,9754.322095677568,39017.28838271027,0.4075,0.6973500000000001,163.0,5549.72802734375,2025-12-22T00:21:56.046605Z
5500,3,9754.322095677568,39017.28838271027,0.4675,0.6694500000000001,187.0,5549.72802734375,2025-12-22T00:21:56.651476Z
5750,3,9754.322095677568,39017.28838271027,0.63,0.6967,252.0,5549.72802734375,2025-12-22T00:21:57.240371Z
6000,3,9754.322095677568,39017.28838271027,0.7275,0.8318500000000002,291.0,5549.72802734375,2025-12-22T00:21:57.904743Z
6250,3,9754.322095677568,39017.28838271027,0.775,0.750975,310.0,4282.78662109375,2025-12-22T00:21:59.877824Z
6500,4,9299.099005757598,37196.39602303039,0.16,0.6611000000000001,64.0,4282.78662109375,2025-12-22T00:22:00.602487Z
6750,4,9299.099005757598,37196.39602303039,0.4375,0.533,175.0,4282.78662109375,2025-12-22T00:22:01.201136Z
7000,4,9299.099005757598,37196.39602303039,0.5975,0.6081000000000001,239.0,4282.78662109375,2025-12-22T00:22:01.839822Z
7250,4,9299.099005757598,37196.39602303039,0.6525,0.580675,261.0,4282.78662109375,2025-12-22T00:22:02.431960Z
7500,4,9299.099005757598,37196.39602303039,0.7325,0.5976500000000001,293.0,4282.78662109375,2025-12-22T00:22:03.022485Z
7750,4,9299.099005757598,37196.39602303039,0.8,0.543725,320.0,4282.78662109375,2025-12-22T00:22:03.623228Z
8000,5,9500.381073470973,38001.52429388389,0.865,0.618025,346.0,4282.78662109375,2025-12-22T00:22:04.242664Z
8250,5,9500.381073470973,38001.52429388389,0.33,0.68345,132.0,4499.85498046875,2025-12-22T00:22:06.265110Z
8500,5,9500.381073470973,38001.52429388389,0.56,0.58945,224.0,4499.85498046875,2025-12-22T00:22:06.859013Z
8750,5,9500.381073470973,38001.52429388389,0.6825,0.6120000000000001,273.0,4499.85498046875,2025-12-22T00:22:07.609117Z
9000,5,9500.381073470973,38001.52429388389,0.79,0.608025,316.0,4499.85498046875,2025-12-22T00:22:08.222024Z
9250,5,9500.381073470973,38001.52429388389,0.865,0.67125,346.0,4499.85498046875,2025-12-22T00:22:08.824865Z
9500,5,9500.381073470973,38001.52429388389,0.9,0.684625,360.0,4499.85498046875,2025-12-22T00:22:09.439956Z
9750,6,9728.082968892375,38912.3318755695,0.245,0.6350000000000001,98.0,4499.85498046875,2025-12-22T00:22:10.077533Z
10000,6,9728.082968892375,38912.3318755695,0.4625,0.6284250000000001,185.0,4499.85498046875,2025-12-22T00:22:10.673146Z
10250,6,9728.082968892375,38912.3318755695,0.5825,0.65415,233.0,4956.7412109375,2025-12-22T00:22:12.693118Z
10500,6,9728.082968892375,38912.3318755695,0.6325,0.625425,253.0,4956.7412109375,2025-12-22T00:22:13.293684Z
10750,6,9728.082968892375,38912.3318755695,0.695,0.6585500000000001,278.0,4956.7412109375,2025-12-22T00:22:13.903093Z
11000,6,9728.082968892375,38912.3318755695,0.8125,0.6344000000000001,325.0,4956.7412109375,2025-12-22T00:22:14.641027Z
11250,7,9743.365157948807,38973.46063179523,0.0975,0.3296500000000001,39.0,4956.7412109375,2025-12-22T00:22:15.238528Z
11500,7,9743.365157948807,38973.46063179523,0.305,0.6326,122.0,4956.7412109375,2025-12-22T00:22:15.862481Z
11750,7,9743.365157948807,38973.46063179523,0.5175,0.5832250000000001,207.0,4956.7412109375,2025-12-22T00:22:16.478544Z
12000,7,9743.365157948807,38973.46063179523,0.665,0.6519750000000001,266.0,4956.7412109375,2025-12-22T00:22:17.075948Z
12250,7,9743.365157948807,38973.46063179523,0.7425,0.583825,297.0,4956.7412109375,2025-12-22T00:22:17.677465Z
12500,7,9743.365157948807,38973.46063179523,0.815,0.7281500000000001,326.0,4570.33447265625,2025-12-22T00:22:19.720811Z
12750,7,9743.365157948807,38973.46063179523,0.87,0.6453500000000001,348.0,4570.33447265625,2025-12-22T00:22:20.342966Z
13000,8,9841.067148486036,39364.26859394414,0.2725,0.6396750000000001,109.0,4570.33447265625,2025-12-22T00:22:21.082045Z
13250,8,9841.067148486036,39364.26859394414,0.475,0.6457750000000001,190.0,4570.33447265625,2025-12-22T00:22:21.676963Z
13500,8,9841.067148486036,39364.26859394414,0.6675,0.6677500000000001,267.0,4570.33447265625,2025-12-22T00:22:22.283449Z
13750,8,9841.067148486036,39364.26859394414,0.7825,0.596775,313.0,4570.33447265625,2025-12-22T00:22:22.870967Z
14000,8,9841.067148486036,39364.26859394414,0.825,0.5462000000000001,330.0,4570.33447265625,2025-12-22T00:22:23.542573Z
14250,8,9841.067148486036,39364.26859394414,0.8925,0.5300750000000002,357.0,4570.33447265625,2025-12-22T00:22:24.173029Z
14500,9,9993.378706394487,39973.51482557795,0.1925,0.5844000000000001,77.0,5840.4970703125,2025-12-22T00:22:26.336403Z
14750,9,9993.378706394487,39973.51482557795,0.4525,0.6062000000000001,181.0,5840.4970703125,2025-12-22T00:22:26.974658Z
15000,9,9993.378706394487,39973.51482557795,0.6575,0.5542250000000001,263.0,5840.4970703125,2025-12-22T00:22:27.608646Z
15250,9,9993.378706394487,39973.51482557795,0.79,0.49885000000000007,316.0,5840.4970703125,2025-12-22T00:22:28.349805Z
15500,9,9993.378706394487,39973.51482557795,0.845,0.5885750000000001,338.0,5840.4970703125,2025-12-22T00:22:28.965023Z
15750,9,9993.378706394487,39973.51482557795,0.9025,0.5502250000000001,361.0,5840.4970703125,2025-12-22T00:22:29.578226Z
16000,10,10113.35203692885,40453.4081477154,0.93,0.58325,372.0,5840.4970703125,2025-12-22T00:22:30.177921Z
16250,10,10113.35203692885,40453.4081477154,0.345,0.6178,138.0,5840.4970703125,2025-12-22T00:22:30.783474Z
16500,10,10113.35203692885,40453.4081477154,0.555,0.5974,222.0,5753.5859375,2025-12-22T00:22:32.795028Z
16750,10,10113.35203692885,40453.4081477154,0.745,0.4880750000000001,298.0,5753.5859375,2025-12-22T00:22:33.411149Z
17000,10,10113.35203692885,40453.4081477154,0.8475,0.530275,339.0,5753.5859375,2025-12-22T00:22:34.012786Z
17250,10,10113.35203692885,40453.4081477154,0.9025,0.5721250000000001,361.0,5753.5859375,2025-12-22T00:22:34.765764Z
17500,10,10113.35203692885,40453.4081477154,0.935,0.6517250000000001,374.0,5753.5859375,2025-12-22T00:22:35.395886Z
17750,11,10286.40317227966,41145.61268911864,0.2475,0.5994750000000001,99.0,5753.5859375,2025-12-22T00:22:36.011737Z
18000,11,10286.40317227966,41145.61268911864,0.48,0.6768000000000001,192.0,5753.5859375,2025-12-22T00:22:36.612178Z
18250,11,10286.40317227966,41145.61268911864,0.63,0.6089000000000001,252.0,5753.5859375,2025-12-22T00:22:37.245170Z
18500,11,10286.40317227966,41145.61268911864,0.71,0.7147500000000001,284.0,5009.6201171875,2025-12-22T00:22:39.294258Z
18750,11,10286.40317227966,41145.61268911864,0.7375,0.6256250000000001,295.0,5009.6201171875,2025-12-22T00:22:39.883397Z
19000,11,10286.40317227966,41145.61268911864,0.8425,0.5718000000000001,337.0,5009.6201171875,2025-12-22T00:22:40.482150Z
19250,12,10341.788561348803,41367.15424539521,0.0725,0.2939000000000001,29.0,5009.6201171875,2025-12-22T00:22:41.070568Z
19500,12,10341.788561348803,41367.15424539521,0.43,0.5937749999999999,172.0,5009.6201171875,2025-12-22T00:22:41.810953Z
19750,12,10341.788561348803,41367.15424539521,0.5725,0.5926,229.0,5009.6201171875,2025-12-22T00:22:42.413504Z
20000,12,10341.788561348803,41367.15424539521,0.755,0.5241750000000001,302.0,5009.6201171875,2025-12-22T00:22:43.036913Z
20250,12,10341.788561348803,41367.15424539521,0.8675,0.5060250000000002,347.0,5009.6201171875,2025-12-22T00:22:43.641543Z
20500,12,10341.788561348803,41367.15424539521,0.8975,0.6649,359.0,5139.9013671875,2025-12-22T00:22:45.677030Z
20750,12,10341.788561348803,41367.15424539521,0.9275,0.653525,371.0,5139.9013671875,2025-12-22T00:22:46.301522Z
21000,13,10467.365903362166,41869.463613448665,0.3275,0.5497000000000001,131.0,5139.9013671875,2025-12-22T00:22:46.905283Z
21250,13,10467.365903362166,41869.463613448665,0.56,0.6400500000000001,224.0,5139.9013671875,2025-12-22T00:22:47.663308Z
21500,13,10467.365903362166,41869.463613448665,0.68,0.5682,272.0,5139.9013671875,2025-12-22T00:22:48.266960Z
21750,13,10467.365903362166,41869.463613448665,0.7625,0.6132750000000001,305.0,5139.9013671875,2025-12-22T00:22:48.871946Z
22000,13,10467.365903362166,41869.463613448665,0.8025,0.611025,321.0,5139.9013671875,2025-12-22T00:22:49.533653Z
22250,13,10467.365903362166,41869.463613448665,0.8975,0.58555,359.0,5139.9013671875,2025-12-22T00:22:50.136812Z
22500,14,10784.872399583925,43139.4895983357,0.175,0.6065750000000001,70.0,5139.9013671875,2025-12-22T00:22:50.742922Z
22750,14,10784.872399583925,43139.4895983357,0.4425,0.5759500000000002,177.0,4498.416015625,2025-12-22T00:22:52.773302Z
23000,14,10784.872399583925,43139.4895983357,0.66,0.6376000000000001,264.0,4498.416015625,2025-12-22T00:22:53.395916Z
23250,14,10784.872399583925,43139.4895983357,0.76,0.6801750000000001,304.0,4498.416015625,2025-12-22T00:22:54.156317Z
23500,14,10784.872399583925,43139.4895983357,0.89,0.513125,356.0,4498.416015625,2025-12-22T00:22:54.757261Z
23750,14,10784.872399583925,43139.4895983357,0.92,0.656675,368.0,4498.416015625,2025-12-22T00:22:55.365441Z
24000,15,10918.549226529105,43674.19690611642,0.945,0.5995250000000002,378.0,4498.416015625,2025-12-22T00:22:55.976437Z
24250,15,10918.549226529105,43674.19690611642,0.355,0.5395000000000001,142.0,4498.416015625,2025-12-22T00:22:56.577915Z
24500,15,10918.549226529105,43674.19690611642,0.545,0.5595500000000001,218.0,4498.416015625,2025-12-22T00:22:57.200735Z
24750,15,10918.549226529105,43674.19690611642,0.6825,0.6534749999999999,273.0,5358.3271484375,2025-12-22T00:22:59.210696Z
25000,15,10918.549226529105,43674.19690611642,0.7775,0.558475,311.0,5358.3271484375,2025-12-22T00:22:59.815458Z
25250,15,10918.549226529105,43674.19690611642,0.9125,0.6097250000000002,365.0,5358.3271484375,2025-12-22T00:23:00.419195Z
25500,15,10918.549226529105,43674.19690611642,0.94,0.6746000000000001,376.0,5358.3271484375,2025-12-22T00:23:01.158355Z
25750,16,10961.253207440348,43845.01282976139,0.3175,0.5217750000000002,127.0,5358.3271484375,2025-12-22T00:23:01.765719Z
26000,16,10961.253207440348,43845.01282976139,0.5975,0.5614750000000001,239.0,5358.3271484375,2025-12-22T00:23:02.366420Z
26250,16,10961.253207440348,43845.01282976139,0.72,0.6600500000000001,288.0,5358.3271484375,2025-12-22T00:23:02.968609Z
26500,16,10961.253207440348,43845.01282976139,0.8225,0.62675,329.0,5358.3271484375,2025-12-22T00:23:03.574122Z
26750,16,10961.253207440348,43845.01282976139,0.8725,0.4929000000000001,349.0,5372.248046875,2025-12-22T00:23:05.671972Z
27000,16,10961.253207440348,43845.01282976139,0.925,0.5801750000000001,370.0,5372.248046875,2025-12-22T00:23:06.281218Z
27250,17,11194.42801978509,44777.71207914036,0.0825,0.3554250000000001,33.0,5372.248046875,2025-12-22T00:23:06.886121Z
27500,17,11194.42801978509,44777.71207914036,0.37,0.7307250000000001,148.0,5372.248046875,2025-12-22T00:23:07.616382Z
27750,17,11194.42801978509,44777.71207914036,0.5625,0.5407500000000001,225.0,5372.248046875,2025-12-22T00:23:08.234164Z
28000,17,11194.42801978509,44777.71207914036,0.7225,0.6352500000000001,289.0,5372.248046875,2025-12-22T00:23:08.830250Z
28250,17,11194.42801978509,44777.71207914036,0.81,0.6107500000000001,324.0,5372.248046875,2025-12-22T00:23:09.429439Z
28500,17,11194.42801978509,44777.71207914036,0.8825,0.551675,353.0,5372.248046875,2025-12-22T00:23:10.033432Z
28750,17,11194.42801978509,44777.71207914036,0.925,0.6555000000000001,370.0,4775.4580078125,2025-12-22T00:23:12.126303Z
29000,18,11245.62732269452,44982.50929077808,0.3225,0.6497750000000001,129.0,4775.4580078125,2025-12-22T00:23:12.738214Z
29250,18,11245.62732269452,44982.50929077808,0.565,0.6435500000000001,226.0,4775.4580078125,2025-12-22T00:23:13.341861Z
29500,18,11245.62732269452,44982.50929077808,0.775,0.591775,310.0,4775.4580078125,2025-12-22T00:23:13.948094Z
29750,18,11245.62732269452,44982.50929077808,0.8575,0.5845250000000001,343.0,4775.4580078125,2025-12-22T00:23:14.782819Z
30000,18,11245.62732269452,44982.50929077808,0.9,0.6447500000000003,360.0,4775.4580078125,2025-12-22T00:23:15.420168Z
30250,18,11245.62732269452,44982.50929077808,0.9375,0.5602750000000001,375.0,4775.4580078125,2025-12-22T00:23:16.028254Z
30500,19,11318.817717294907,45275.27086917963,0.1975,0.5918750000000003,79.0,4775.4580078125,2025-12-22T00:23:16.636712Z
30750,19,11318.817717294907,45275.27086917963,0.4825,0.5980250000000001,193.0,5150.2060546875,2025-12-22T00:23:18.690197Z
31000,19,11318.817717294907,45275.27086917963,0.725,0.5298500000000002,290.0,5150.2060546875,2025-12-22T00:23:19.313819Z
31250,19,11318.817717294907,45275.27086917963,0.835,0.5596500000000001,334.0,5150.2060546875,2025-12-22T00:23:19.922597Z
31500,19,11318.817717294907,45275.27086917963,0.875,0.6197250000000001,350.0,5150.2060546875,2025-12-22T00:23:20.550741Z
31750,19,11318.817717294907,45275.27086917963,0.895,0.737625,358.0,5150.2060546875,2025-12-22T00:23:21.294540Z
32000,20,11326.620623068466,45306.48249227386,0.9075,0.6727000000000001,363.0,5150.2060546875,2025-12-22T00:23:21.910316Z
32250,20,11326.620623068466,45306.48249227386,0.41,0.4674000000000001,164.0,5150.2060546875,2025-12-22T00:23:22.533479Z
32500,20,11326.620623068466,45306.48249227386,0.6825,0.6651250000000001,273.0,5150.2060546875,2025-12-22T00:23:23.136878Z
32750,20,11326.620623068466,45306.48249227386,0.83,0.5188250000000001,332.0,5150.2060546875,2025-12-22T00:23:23.731879Z
33000,20,11326.620623068466,45306.48249227386,0.9,0.6131500000000001,360.0,5531.0458984375,2025-12-22T00:23:25.788380Z
33250,20,11326.620623068466,45306.48249227386,0.93,0.5437500000000001,372.0,5531.0458984375,2025-12-22T00:23:26.393978Z
33500,20,11326.620623068466,45306.48249227386,0.9625,0.5126000000000001,385.0,5531.0458984375,2025-12-22T00:23:27.009077Z
33750,21,11431.057481571053,45724.22992628421,0.245,0.5728250000000001,98.0,5531.0458984375,2025-12-22T00:23:27.766696Z
34000,21,11431.057481571053,45724.22992628421,0.5275,0.5976000000000001,211.0,5531.0458984375,2025-12-22T00:23:28.366403Z
34250,21,11431.057481571053,45724.22992628421,0.6825,0.6143750000000001,273.0,5531.0458984375,2025-12-22T00:23:28.987106Z
34500,21,11431.057481571053,45724.22992628421,0.7375,0.7206,295.0,5531.0458984375,2025-12-22T00:23:29.614420Z
34750,21,11431.057481571053,45724.22992628421,0.795,0.6762250000000001,318.0,5531.0458984375,2025-12-22T00:23:30.288327Z
35000,21,11431.057481571053,45724.22992628421,0.875,0.5876750000000001,350.0,4613.91796875,2025-12-22T00:23:32.432711Z
35250,22,11531.772051933454,46127.08820773382,0.13,0.3008250000000001,52.0,4613.91796875,2025-12-22T00:23:33.057593Z
35500,22,11531.772051933454,46127.08820773382,0.5375,0.48502500000000004,215.0,4613.91796875,2025-12-22T00:23:33.748817Z
35750,22,11531.772051933454,46127.08820773382,0.74,0.5519750000000001,296.0,4613.91796875,2025-12-22T00:23:34.333256Z
36000,22,11531.772051933454,46127.08820773382,0.8425,0.5056250000000001,337.0,4613.91796875,2025-12-22T00:23:35.122312Z
36250,22,11531.772051933454,46127.08820773382,0.8975,0.6058,359.0,4613.91796875,2025-12-22T00:23:35.725610Z
36500,22,11531.772051933454,46127.08820773382,0.93,0.62715,372.0,4613.91796875,2025-12-22T00:23:36.329639Z
36750,22,11531.772051933454,46127.08820773382,0.96,0.6598500000000002,384.0,4613.91796875,2025-12-22T00:23:36.938490Z
37000,23,11622.124200944276,46488.4968037771,0.3525,0.503325,141.0,6785.41552734375,2025-12-22T00:23:39.020251Z
37250,23,11622.124200944276,46488.4968037771,0.7025,0.5399250000000001,281.0,6785.41552734375,2025-12-22T00:23:39.630880Z
37500,23,11622.124200944276,46488.4968037771,0.8025,0.6407,321.0,6785.41552734375,2025-12-22T00:23:40.234426Z
37750,23,11622.124200944276,46488.4968037771,0.88,0.4884250000000001,352.0,6785.41552734375,2025-12-22T00:23:40.921376Z
38000,23,11622.124200944276,46488.4968037771,0.8975,0.57885,359.0,6785.41552734375,2025-12-22T00:23:41.666231Z
38250,23,11622.124200944276,46488.4968037771,0.92,0.5846250000000001,368.0,6785.41552734375,2025-12-22T00:23:42.269183Z
38500,24,11692.757763694366,46771.031054777464,0.2275,0.5228500000000001,91.0,6785.41552734375,2025-12-22T00:23:42.861405Z
38750,24,11692.757763694366,46771.031054777464,0.4425,0.7385,177.0,6785.41552734375,2025-12-22T00:23:43.486166Z
39000,24,11692.757763694366,46771.031054777464,0.675,0.6044000000000002,270.0,4286.67041015625,2025-12-22T00:23:45.499705Z
39250,24,11692.757763694366,46771.031054777464,0.795,0.57315,318.0,4286.67041015625,2025-12-22T00:23:46.096761Z
39500,24,11692.757763694366,46771.031054777464,0.8425,0.5769000000000001,337.0,4286.67041015625,2025-12-22T00:23:46.690734Z
39750,24,11692.757763694366,46771.031054777464,0.905,0.5399250000000001,362.0,4286.67041015625,2025-12-22T00:23:47.318970Z
40000,25,11574.536700022873,46298.14680009149,0.9525,0.6345250000000001,381.0,4286.67041015625,2025-12-22T00:23:47.920259Z
40250,25,11574.536700022873,46298.14680009149,0.425,0.6464750000000002,170.0,4286.67041015625,2025-12-22T00:23:48.682784Z
40500,25,11574.536700022873,46298.14680009149,0.65,0.5617250000000001,260.0,4286.67041015625,2025-12-22T00:23:49.313394Z
40750,25,11574.536700022873,46298.14680009149,0.735,0.5543500000000001,294.0,4286.67041015625,2025-12-22T00:23:49.938376Z
41000,25,11574.536700022873,46298.14680009149,0.8075,0.5741750000000001,323.0,4611.36279296875,2025-12-22T00:23:51.964566Z
41250,25,11574.536700022873,46298.14680009149,0.92,0.5651250000000001,368.0,4611.36279296875,2025-12-22T00:23:52.551427Z
41500,25,11574.536700022873,46298.14680009149,0.9425,0.6127250000000002,377.0,4611.36279296875,2025-12-22T00:23:53.166624Z
41750,26,11579.637944579032,46318.55177831613,0.265,0.5602250000000001,106.0,4611.36279296875,2025-12-22T00:23:53.789237Z
42000,26,11579.637944579032,46318.55177831613,0.5425,0.6632500000000001,217.0,4611.36279296875,2025-12-22T00:23:54.410959Z
42250,26,11579.637944579032,46318.55177831613,0.8075,0.4463750000000001,323.0,4611.36279296875,2025-12-22T00:23:55.026699Z
42500,26,11579.637944579032,46318.55177831613,0.89,0.5584500000000001,356.0,4611.36279296875,2025-12-22T00:23:55.764021Z
42750,26,11579.637944579032,46318.55177831613,0.9475,0.46162500000000006,379.0,4611.36279296875,2025-12-22T00:23:56.379067Z
43000,26,11579.637944579032,46318.55177831613,0.955,0.5839500000000001,382.0,4611.36279296875,2025-12-22T00:23:56.987022Z
43250,27,11623.586116471095,46494.34446588438,0.11,0.3103750000000001,44.0,6483.85693359375,2025-12-22T00:23:59.044085Z
43500,27,11623.586116471095,46494.34446588438,0.4025,0.6632000000000001,161.0,6483.85693359375,2025-12-22T00:23:59.651224Z
43750,27,11623.586116471095,46494.34446588438,0.625,0.6056750000000001,250.0,6483.85693359375,2025-12-22T00:24:00.274307Z
44000,27,11623.586116471095,46494.34446588438,0.82,0.5920000000000001,328.0,6483.85693359375,2025-12-22T00:24:00.857080Z
44250,27,11623.586116471095,46494.34446588438,0.895,0.5171500000000001,358.0,6483.85693359375,2025-12-22T00:24:01.469674Z
44500,27,11623.586116471095,46494.34446588438,0.9325,0.49935000000000007,373.0,6483.85693359375,2025-12-22T00:24:02.232066Z
44750,27,11623.586116471095,46494.34446588438,0.945,0.5392250000000001,378.0,6483.85693359375,2025-12-22T00:24:02.851283Z
45000,28,11696.912263487373,46787.64905394949,0.4125,0.5720000000000001,165.0,6483.85693359375,2025-12-22T00:24:03.484679Z
45250,28,11696.912263487373,46787.64905394949,0.6625,0.6811,265.0,5259.498046875,2025-12-22T00:24:05.541745Z
45500,28,11696.912263487373,46787.64905394949,0.865,0.528375,346.0,5259.498046875,2025-12-22T00:24:06.232457Z
45750,28,11696.912263487373,46787.64905394949,0.9225,0.62105,369.0,5259.498046875,2025-12-22T00:24:06.856309Z
46000,28,11696.912263487373,46787.64905394949,0.9725,0.6076500000000001,389.0,5259.498046875,2025-12-22T00:24:07.479240Z
46250,28,11696.912263487373,46787.64905394949,0.975,0.6148500000000001,390.0,5259.498046875,2025-12-22T00:24:08.093474Z
46500,29,11660.994875218346,46643.979500873385,0.2175,0.5019000000000001,87.0,5259.498046875,2025-12-22T00:24:08.699956Z
46750,29,11660.994875218346,46643.979500873385,0.5425,0.6594250000000001,217.0,5259.498046875,2025-12-22T00:24:09.448364Z
47000,29,11660.994875218346,46643.979500873385,0.7175,0.5895250000000001,287.0,5259.498046875,2025-12-22T00:24:10.055155Z
47250,29,11660.994875218346,46643.979500873385,0.78,0.557775,312.0,5413.10595703125,2025-12-22T00:24:12.075886Z
47500,29,11660.994875218346,46643.979500873385,0.855,0.5789750000000001,342.0,5413.10595703125,2025-12-22T00:24:12.677482Z
47750,29,11660.994875218346,46643.979500873385,0.895,0.5999,358.0,5413.10595703125,2025-12-22T00:24:13.280664Z
48000,30,11741.890404352034,46967.56161740814,0.935,0.7066500000000001,374.0,5413.10595703125,2025-12-22T00:24:13.886747Z
48250,30,11741.890404352034,46967.56161740814,0.2925,0.625225,117.0,5413.10595703125,2025-12-22T00:24:14.495162Z
48500,30,11741.890404352034,46967.56161740814,0.525,0.5175250000000001,210.0,5413.10595703125,2025-12-22T00:24:15.108989Z
48750,30,11741.890404352034,46967.56161740814,0.7375,0.5301000000000001,295.0,5413.10595703125,2025-12-22T00:24:15.884652Z
49000,30,11741.890404352034,46967.56161740814,0.7875,0.48335000000000006,315.0,5413.10595703125,2025-12-22T00:24:16.488266Z
49250,30,11741.890404352034,46967.56161740814,0.905,0.5197,362.0,5139.4248046875,2025-12-22T00:24:18.535320Z
49500,30,11741.890404352034,46967.56161740814,0.945,0.6567000000000001,378.0,5139.4248046875,2025-12-22T00:24:19.139383Z
49750,31,11761.86599296974,47047.46397187896,0.285,0.6113750000000002,114.0,5139.4248046875,2025-12-22T00:24:19.774622Z
50000,31,11761.86599296974,47047.46397187896,0.6425,0.5539750000000001,257.0,5139.4248046875,2025-12-22T00:24:20.400710Z
50250,31,11761.86599296974,47047.46397187896,0.785,0.49965000000000015,314.0,5139.4248046875,2025-12-22T00:24:21.017306Z
50500,31,11761.86599296974,47047.46397187896,0.835,0.6122000000000001,334.0,5139.4248046875,2025-12-22T00:24:21.640447Z
50750,31,11761.86599296974,47047.46397187896,0.865,0.7486250000000001,346.0,5139.4248046875,2025-12-22T00:24:22.366648Z
51000,31,11761.86599296974,47047.46397187896,0.88,0.6749250000000001,352.0,5139.4248046875,2025-12-22T00:24:22.989274Z
51250,32,11674.12218937194,46696.48875748776,0.095,0.2942750000000001,38.0,3885.803466796875,2025-12-22T00:24:25.052112Z
51500,32,11674.12218937194,46696.48875748776,0.4825,0.577775,193.0,3885.803466796875,2025-12-22T00:24:25.662965Z
51750,32,11674.12218937194,46696.48875748776,0.6375,0.4806000000000001,255.0,3885.803466796875,2025-12-22T00:24:26.261501Z
52000,32,11674.12218937194,46696.48875748776,0.8325,0.5396000000000002,333.0,3885.803466796875,2025-12-22T00:24:26.872654Z
52250,32,11674.12218937194,46696.48875748776,0.88,0.6580500000000002,352.0,3885.803466796875,2025-12-22T00:24:27.454804Z
52500,32,11674.12218937194,46696.48875748776,0.9425,0.6254500000000001,377.0,3885.803466796875,2025-12-22T00:24:28.078119Z
52750,32,11674.12218937194,46696.48875748776,0.9575,0.5409750000000001,383.0,3885.803466796875,2025-12-22T00:24:28.682419Z
53000,33,11633.677338240668,46534.70935296267,0.43,0.5890500000000001,172.0,3885.803466796875,2025-12-22T00:24:29.445009Z
53250,33,11633.677338240668,46534.70935296267,0.7275,0.48032500000000006,291.0,5477.25537109375,2025-12-22T00:24:31.480931Z
53500,33,11633.677338240668,46534.70935296267,0.81,0.511425,324.0,5477.25537109375,2025-12-22T00:24:32.130321Z
53750,33,11633.677338240668,46534.70935296267,0.91,0.5853750000000001,364.0,5477.25537109375,2025-12-22T00:24:32.741257Z
54000,33,11633.677338240668,46534.70935296267,0.94,0.6104,376.0,5477.25537109375,2025-12-22T00:24:33.354925Z
54250,33,11633.677338240668,46534.70935296267,0.955,0.4860000000000001,382.0,5477.25537109375,2025-12-22T00:24:33.961720Z
54500,34,11637.562498708256,46550.24999483302,0.1525,0.6404500000000002,61.0,5477.25537109375,2025-12-22T00:24:34.630080Z
54750,34,11637.562498708256,46550.24999483302,0.5325,0.6574000000000001,213.0,5477.25537109375,2025-12-22T00:24:35.426071Z
55000,34,11637.562498708256,46550.24999483302,0.765,0.59835,306.0,5477.25537109375,2025-12-22T00:24:36.072697Z
55250,34,11637.562498708256,46550.24999483302,0.8675,0.5207750000000001,347.0,5477.25537109375,2025-12-22T00:24:36.679247Z
55500,34,11637.562498708256,46550.24999483302,0.9325,0.6290250000000001,373.0,4112.44482421875,2025-12-22T00:24:38.795995Z
55750,34,11637.562498708256,46550.24999483302,0.95,0.499825,380.0,4112.44482421875,2025-12-22T00:24:39.435701Z
56000,35,11772.87512490861,47091.50049963444,0.9775,0.6347750000000001,391.0,4112.44482421875,2025-12-22T00:24:40.037827Z
56250,35,11772.87512490861,47091.50049963444,0.4875,0.6367250000000001,195.0,4112.44482421875,2025-12-22T00:24:40.645854Z
56500,35,11772.87512490861,47091.50049963444,0.715,0.5291750000000001,286.0,4112.44482421875,2025-12-22T00:24:41.252287Z
56750,35,11772.87512490861,47091.50049963444,0.855,0.534375,342.0,4112.44482421875,2025-12-22T00:24:41.870738Z
57000,35,11772.87512490861,47091.50049963444,0.8925,0.5654000000000001,357.0,4112.44482421875,2025-12-22T00:24:42.474601Z
57250,35,11772.87512490861,47091.50049963444,0.9175,0.5073250000000001,367.0,4112.44482421875,2025-12-22T00:24:43.214934Z
57500,35,11772.87512490861,47091.50049963444,0.955,0.4649750000000001,382.0,4278.4970703125,2025-12-22T00:24:45.297877Z
57750,36,11893.36084168246,47573.44336672984,0.2675,0.5923,107.0,4278.4970703125,2025-12-22T00:24:45.899554Z
58000,36,11893.36084168246,47573.44336672984,0.6375,0.48382500000000017,255.0,4278.4970703125,2025-12-22T00:24:46.579375Z
58250,36,11893.36084168246,47573.44336672984,0.74,0.49742500000000006,296.0,4278.4970703125,2025-12-22T00:24:47.183723Z
58500,36,11893.36084168246,47573.44336672984,0.845,0.5684750000000001,338.0,4278.4970703125,2025-12-22T00:24:47.798179Z
58750,36,11893.36084168246,47573.44336672984,0.88,0.58535,352.0,4278.4970703125,2025-12-22T00:24:48.401486Z
59000,36,11893.36084168246,47573.44336672984,0.9375,0.50975,375.0,4278.4970703125,2025-12-22T00:24:49.004910Z
59250,37,11873.517428289773,47494.06971315909,0.13,0.2722250000000001,52.0,4278.4970703125,2025-12-22T00:24:49.788801Z
59500,37,11873.517428289773,47494.06971315909,0.55,0.5310500000000001,220.0,5308.7216796875,2025-12-22T00:24:51.831485Z
59750,37,11873.517428289773,47494.06971315909,0.695,0.6327250000000002,278.0,5308.7216796875,2025-12-22T00:24:52.461149Z
60000,37,11873.517428289773,47494.06971315909,0.835,0.47062500000000007,334.0,5308.7216796875,2025-12-22T00:24:53.079136Z
60250,37,11873.517428289773,47494.06971315909,0.91,0.48595000000000005,364.0,5308.7216796875,2025-12-22T00:24:53.682950Z
60500,37,11873.517428289773,47494.06971315909,0.9525,0.40315000000000006,381.0,5308.7216796875,2025-12-22T00:24:54.292272Z
60750,37,11873.517428289773,47494.06971315909,0.9825,0.6552500000000002,393.0,5308.7216796875,2025-12-22T00:24:54.907098Z
61000,38,12074.23860652689,48296.95442610756,0.4475,0.4934750000000001,179.0,5308.7216796875,2025-12-22T00:24:55.518365Z
61250,38,12074.23860652689,48296.95442610756,0.715,0.6749250000000001,286.0,5308.7216796875,2025-12-22T00:24:56.130301Z
61500,38,12074.23860652689,48296.95442610756,0.8475,0.4846750000000001,339.0,6090.5654296875,2025-12-22T00:24:58.329173Z
61750,38,12074.23860652689,48296.95442610756,0.93,0.53075,372.0,6090.5654296875,2025-12-22T00:24:58.942515Z
62000,38,12074.23860652689,48296.95442610756,0.955,0.535,382.0,6090.5654296875,2025-12-22T00:24:59.547171Z
62250,38,12074.23860652689,48296.95442610756,0.9625,0.5197250000000001,385.0,6090.5654296875,2025-12-22T00:25:00.161495Z
62500,39,12233.908644363935,48935.63457745574,0.195,0.6162750000000002,78.0,6090.5654296875,2025-12-22T00:25:00.769988Z
62750,39,12233.908644363935,48935.63457745574,0.5475,0.4734250000000001,219.0,6090.5654296875,2025-12-22T00:25:01.372047Z
63000,39,12233.908644363935,48935.63457745574,0.7975,0.4194500000000001,319.0,6090.5654296875,2025-12-22T00:25:01.990569Z
63250,39,12233.908644363935,48935.63457745574,0.8975,0.5753,359.0,6090.5654296875,2025-12-22T00:25:02.708059Z
63500,39,12233.908644363935,48935.63457745574,0.93,0.5144750000000001,372.0,5543.98779296875,2025-12-22T00:25:04.753979Z
63750,39,12233.908644363935,48935.63457745574,0.9475,0.5309000000000001,379.0,5543.98779296875,2025-12-22T00:25:05.373836Z
64000,40,12310.433339799009,49241.733359196034,0.975,0.7260750000000001,390.0,5543.98779296875,2025-12-22T00:25:05.990323Z
64250,40,12310.433339799009,49241.733359196034,0.4275,0.5671,171.0,5543.98779296875,2025-12-22T00:25:06.627747Z
64500,40,12310.433339799009,49241.733359196034,0.67,0.6421250000000001,268.0,5543.98779296875,2025-12-22T00:25:07.230945Z
64750,40,12310.433339799009,49241.733359196034,0.7975,0.4329250000000001,319.0,5543.98779296875,2025-12-22T00:25:07.834397Z
65000,40,12310.433339799009,49241.733359196034,0.8675,0.605925,347.0,5543.98779296875,2025-12-22T00:25:08.445523Z
65250,40,12310.433339799009,49241.733359196034,0.895,0.688925,358.0,5543.98779296875,2025-12-22T00:25:09.050280Z
65500,40,12310.433339799009,49241.733359196034,0.905,0.6152500000000001,362.0,5543.98779296875,2025-12-22T00:25:09.779705Z
65750,41,12380.148549487581,49520.594197950326,0.3075,0.517525,123.0,5164.49658203125,2025-12-22T00:25:11.874670Z
66000,41,12380.148549487581,49520.594197950326,0.525,0.6460750000000001,210.0,5164.49658203125,2025-12-22T00:25:12.504308Z
66250,41,12380.148549487581,49520.594197950326,0.755,0.43727500000000014,302.0,5164.49658203125,2025-12-22T00:25:13.121574Z
66500,41,12380.148549487581,49520.594197950326,0.815,0.705875,326.0,5164.49658203125,2025-12-22T00:25:13.727347Z
66750,41,12380.148549487581,49520.594197950326,0.91,0.6192000000000002,364.0,5164.49658203125,2025-12-22T00:25:14.349775Z
67000,41,12380.148549487581,49520.594197950326,0.93,0.664475,372.0,5164.49658203125,2025-12-22T00:25:14.956202Z
67250,42,12398.815216213417,49595.26086485367,0.09,0.3500500000000001,36.0,5164.49658203125,2025-12-22T00:25:15.571337Z
67500,42,12398.815216213417,49595.26086485367,0.4875,0.6072500000000001,195.0,5164.49658203125,2025-12-22T00:25:16.181642Z
67750,42,12398.815216213417,49595.26086485367,0.7575,0.36842500000000006,303.0,3393.953857421875,2025-12-22T00:25:18.387935Z
68000,42,12398.815216213417,49595.26086485367,0.8425,0.5297750000000001,337.0,3393.953857421875,2025-12-22T00:25:19.020282Z
68250,42,12398.815216213417,49595.26086485367,0.9,0.5634750000000001,360.0,3393.953857421875,2025-12-22T00:25:19.651528Z
68500,42,12398.815216213417,49595.26086485367,0.95,0.47265000000000007,380.0,3393.953857421875,2025-12-22T00:25:20.244709Z
68750,42,12398.815216213417,49595.26086485367,0.955,0.800125,382.0,3393.953857421875,2025-12-22T00:25:20.893721Z
69000,43,12414.225611574435,49656.90244629774,0.395,0.529425,158.0,3393.953857421875,2025-12-22T00:25:21.524342Z
69250,43,12414.225611574435,49656.90244629774,0.6175,0.5373000000000001,247.0,3393.953857421875,2025-12-22T00:25:22.129278Z
69500,43,12414.225611574435,49656.90244629774,0.78,0.6131750000000001,312.0,3393.953857421875,2025-12-22T00:25:22.740784Z
69750,43,12414.225611574435,49656.90244629774,0.8275,0.7054250000000001,331.0,5592.29541015625,2025-12-22T00:25:24.959365Z
70000,43,12414.225611574435,49656.90244629774,0.9075,0.5573500000000001,363.0,5592.29541015625,2025-12-22T00:25:25.576552Z
70250,43,12414.225611574435,49656.90244629774,0.9275,0.6224750000000001,371.0,5592.29541015625,2025-12-22T00:25:26.204555Z
70500,44,12472.728983647563,49890.91593459025,0.24,0.4711000000000001,96.0,5592.29541015625,2025-12-22T00:25:26.822135Z
70750,44,12472.728983647563,49890.91593459025,0.61,0.5418750000000001,244.0,5592.29541015625,2025-12-22T00:25:27.441217Z
71000,44,12472.728983647563,49890.91593459025,0.75,0.62865,300.0,5592.29541015625,2025-12-22T00:25:28.049766Z
71250,44,12472.728983647563,49890.91593459025,0.8325,0.5926750000000001,333.0,5592.29541015625,2025-12-22T00:25:28.640209Z
71500,44,12472.728983647563,49890.91593459025,0.905,0.6467,362.0,5592.29541015625,2025-12-22T00:25:29.265955Z
71750,44,12472.728983647563,49890.91593459025,0.945,0.4896000000000001,378.0,3775.863525390625,2025-12-22T00:25:31.354888Z
72000,45,12539.915205135756,50159.660820543024,0.9575,0.6942000000000002,383.0,3775.863525390625,2025-12-22T00:25:32.086433Z
72250,45,12539.915205135756,50159.660820543024,0.4975,0.6085500000000001,199.0,3775.863525390625,2025-12-22T00:25:32.732319Z
72500,45,12539.915205135756,50159.660820543024,0.71,0.42922500000000013,284.0,3775.863525390625,2025-12-22T00:25:33.350558Z
72750,45,12539.915205135756,50159.660820543024,0.83,0.5681,332.0,3775.863525390625,2025-12-22T00:25:33.963873Z
73000,45,12539.915205135756,50159.660820543024,0.8875,0.6642,355.0,3775.863525390625,2025-12-22T00:25:34.574381Z
73250,45,12539.915205135756,50159.660820543024,0.9475,0.5640000000000001,379.0,3775.863525390625,2025-12-22T00:25:35.191016Z
73500,45,12539.915205135756,50159.660820543024,0.9675,0.662025,387.0,3775.863525390625,2025-12-22T00:25:35.797781Z
73750,46,12516.609361267323,50066.43744506929,0.2125,0.7480000000000001,85.0,4332.7216796875,2025-12-22T00:25:37.880512Z
74000,46,12516.609361267323,50066.43744506929,0.3875,0.6116250000000002,155.0,4332.7216796875,2025-12-22T00:25:38.555124Z
74250,46,12516.609361267323,50066.43744506929,0.6125,0.643375,245.0,4332.7216796875,2025-12-22T00:25:39.364630Z
74500,46,12516.609361267323,50066.43744506929,0.7725,0.5932250000000001,309.0,4332.7216796875,2025-12-22T00:25:39.995764Z
74750,46,12516.609361267323,50066.43744506929,0.8575,0.6983750000000001,343.0,4332.7216796875,2025-12-22T00:25:40.608298Z
75000,46,12516.609361267323,50066.43744506929,0.9325,0.5488250000000001,373.0,4332.7216796875,2025-12-22T00:25:41.277414Z
75250,47,12427.2987443442,49709.1949773768,0.125,0.3547000000000001,50.0,4332.7216796875,2025-12-22T00:25:41.922414Z
75500,47,12427.2987443442,49709.1949773768,0.565,0.5457250000000001,226.0,4332.7216796875,2025-12-22T00:25:42.534930Z
75750,47,12427.2987443442,49709.1949773768,0.7175,0.6386750000000001,287.0,4332.7216796875,2025-12-22T00:25:43.149374Z
76000,47,12427.2987443442,49709.1949773768,0.8325,0.6396000000000001,333.0,4914.93701171875,2025-12-22T00:25:45.225196Z
76250,47,12427.2987443442,49709.1949773768,0.9,0.711375,360.0,4914.93701171875,2025-12-22T00:25:45.827158Z
76500,47,12427.2987443442,49709.1949773768,0.935,0.603125,374.0,4914.93701171875,2025-12-22T00:25:46.567644Z
76750,47,12427.2987443442,49709.1949773768,0.9575,0.5639500000000001,383.0,4914.93701171875,2025-12-22T00:25:47.148188Z
77000,48,12232.002339066425,48928.0093562657,0.375,0.5609250000000001,150.0,4914.93701171875,2025-12-22T00:25:47.802997Z
77250,48,12232.002339066425,48928.0093562657,0.6475,0.5493250000000001,259.0,4914.93701171875,2025-12-22T00:25:48.406850Z
77500,48,12232.002339066425,48928.0093562657,0.825,0.6355500000000001,330.0,4914.93701171875,2025-12-22T00:25:49.033171Z
77750,48,12232.002339066425,48928.0093562657,0.88,0.5969000000000001,352.0,4914.93701171875,2025-12-22T00:25:49.639271Z
78000,48,12232.002339066425,48928.0093562657,0.9475,0.61265,379.0,3566.56591796875,2025-12-22T00:25:51.702044Z
78250,48,12232.002339066425,48928.0093562657,0.9725,0.6251000000000001,389.0,3566.56591796875,2025-12-22T00:25:52.337161Z
78500,49,12236.564147810777,48946.25659124311,0.2275,0.5424250000000002,91.0,3566.56591796875,2025-12-22T00:25:52.950469Z
78750,49,12236.564147810777,48946.25659124311,0.665,0.46875000000000017,266.0,3566.56591796875,2025-12-22T00:25:53.709942Z
79000,49,12236.564147810777,48946.25659124311,0.8175,0.7028000000000002,327.0,3566.56591796875,2025-12-22T00:25:54.327355Z
79250,49,12236.564147810777,48946.25659124311,0.8825,0.6908500000000001,353.0,3566.56591796875,2025-12-22T00:25:54.928787Z
79500,49,12236.564147810777,48946.25659124311,0.925,0.563675,370.0,3566.56591796875,2025-12-22T00:25:55.529950Z
79750,49,12236.564147810777,48946.25659124311,0.9375,0.5367500000000001,375.0,3566.56591796875,2025-12-22T00:25:56.172484Z
80000,50,12215.574823968393,48862.29929587357,0.96,0.5690000000000001,384.0,5092.72119140625,2025-12-22T00:25:58.258912Z
80250,50,12215.574823968393,48862.29929587357,0.4875,0.5794250000000001,195.0,5092.72119140625,2025-12-22T00:25:58.871195Z
80500,50,12215.574823968393,48862.29929587357,0.635,0.5085750000000001,254.0,5092.72119140625,2025-12-22T00:25:59.465089Z
80750,50,12215.574823968393,48862.29929587357,0.8,0.71825,320.0,5092.72119140625,2025-12-22T00:26:00.211382Z
81000,50,12215.574823968393,48862.29929587357,0.855,0.5910750000000001,342.0,5092.72119140625,2025-12-22T00:26:00.812029Z
81250,50,12215.574823968393,48862.29929587357,0.9175,0.516225,367.0,5092.72119140625,2025-12-22T00:26:01.422631Z
81500,50,12215.574823968393,48862.29929587357,0.95,0.5723000000000001,380.0,5092.72119140625,2025-12-22T00:26:02.034942Z
81750,51,12250.488039677124,49001.9521587085,0.3375,0.6090000000000001,135.0,5092.72119140625,2025-12-22T00:26:02.656403Z
82000,51,12250.488039677124,49001.9521587085,0.5575,0.5410250000000001,223.0,4872.23486328125,2025-12-22T00:26:04.713127Z
82250,51,12250.488039677124,49001.9521587085,0.7475,0.5349500000000001,299.0,4872.23486328125,2025-12-22T00:26:05.311229Z
82500,51,12250.488039677124,49001.9521587085,0.895,0.41752500000000015,358.0,4872.23486328125,2025-12-22T00:26:05.916077Z
82750,51,12250.488039677124,49001.9521587085,0.925,0.6340750000000002,370.0,4872.23486328125,2025-12-22T00:26:06.665083Z
83000,51,12250.488039677124,49001.9521587085,0.945,0.6287750000000001,378.0,4872.23486328125,2025-12-22T00:26:07.273493Z
83250,52,12532.665157812833,50130.66063125133,0.1425,0.2689500000000001,57.0,4872.23486328125,2025-12-22T00:26:07.928536Z
83500,52,12532.665157812833,50130.66063125133,0.55,0.5549750000000001,220.0,4872.23486328125,2025-12-22T00:26:08.556988Z
83750,52,12532.665157812833,50130.66063125133,0.705,0.695625,282.0,4872.23486328125,2025-12-22T00:26:09.161819Z
84000,52,12532.665157812833,50130.66063125133,0.83,0.6782750000000002,332.0,5961.427734375,2025-12-22T00:26:11.245693Z
84250,52,12532.665157812833,50130.66063125133,0.9,0.6087500000000001,360.0,5961.427734375,2025-12-22T00:26:11.852475Z
84500,52,12532.665157812833,50130.66063125133,0.95,0.674625,380.0,5961.427734375,2025-12-22T00:26:12.637515Z
84750,52,12532.665157812833,50130.66063125133,0.97,0.6510000000000001,388.0,5961.427734375,2025-12-22T00:26:13.245785Z
85000,53,12574.98548459676,50299.94193838704,0.3425,0.5754250000000001,137.0,5961.427734375,2025-12-22T00:26:13.839537Z
85250,53,12574.98548459676,50299.94193838704,0.6,0.53205,240.0,5961.427734375,2025-12-22T00:26:14.438540Z
85500,53,12574.98548459676,50299.94193838704,0.7325,0.5543,293.0,5961.427734375,2025-12-22T00:26:15.075995Z
85750,53,12574.98548459676,50299.94193838704,0.8,0.658325,320.0,5961.427734375,2025-12-22T00:26:15.693373Z
86000,53,12574.98548459676,50299.94193838704,0.9,0.5784250000000001,360.0,5961.427734375,2025-12-22T00:26:16.294571Z
86250,53,12574.98548459676,50299.94193838704,0.9075,0.6288750000000001,363.0,3558.90087890625,2025-12-22T00:26:18.443744Z
86500,54,12544.622884798144,50178.491539192575,0.1825,0.6138000000000001,73.0,3558.90087890625,2025-12-22T00:26:19.065806Z
86750,54,12544.622884798144,50178.491539192575,0.4375,0.6627250000000001,175.0,3558.90087890625,2025-12-22T00:26:19.670975Z
87000,54,12544.622884798144,50178.491539192575,0.7025,0.40935000000000005,281.0,3558.90087890625,2025-12-22T00:26:20.441712Z
87250,54,12544.622884798144,50178.491539192575,0.8125,0.56615,325.0,3558.90087890625,2025-12-22T00:26:21.070072Z
87500,54,12544.622884798144,50178.491539192575,0.865,0.5498500000000001,346.0,3558.90087890625,2025-12-22T00:26:21.678901Z
87750,54,12544.622884798144,50178.491539192575,0.89,0.47817500000000007,356.0,3558.90087890625,2025-12-22T00:26:22.283250Z
88000,55,12533.599101635627,50134.39640654251,0.935,0.5636750000000001,374.0,3558.90087890625,2025-12-22T00:26:22.903586Z
88250,55,12533.599101635627,50134.39640654251,0.4475,0.4733250000000001,179.0,4347.3427734375,2025-12-22T00:26:25.006495Z
88500,55,12533.599101635627,50134.39640654251,0.6875,0.5464500000000002,275.0,4347.3427734375,2025-12-22T00:26:25.618061Z
88750,55,12533.599101635627,50134.39640654251,0.7775,0.4563750000000001,311.0,4347.3427734375,2025-12-22T00:26:26.222433Z
89000,55,12533.599101635627,50134.39640654251,0.8725,0.6265500000000002,349.0,4347.3427734375,2025-12-22T00:26:26.831205Z
89250,55,12533.599101635627,50134.39640654251,0.9425,0.579775,377.0,4347.3427734375,2025-12-22T00:26:27.561490Z
89500,55,12533.599101635627,50134.39640654251,0.9575,0.49290000000000006,383.0,4347.3427734375,2025-12-22T00:26:28.168291Z
89750,56,12571.297241065977,50285.18896426391,0.37,0.5728500000000001,148.0,4347.3427734375,2025-12-22T00:26:28.786707Z
90000,56,12571.297241065977,50285.18896426391,0.635,0.54045,254.0,4347.3427734375,2025-12-22T00:26:29.407958Z
90250,56,12571.297241065977,50285.18896426391,0.8325,0.6349,333.0,5194.05712890625,2025-12-22T00:26:31.525820Z
90500,56,12571.297241065977,50285.18896426391,0.9025,0.5182000000000001,361.0,5194.05712890625,2025-12-22T00:26:32.148333Z
90750,56,12571.297241065977,50285.18896426391,0.95,0.40815000000000007,380.0,5194.05712890625,2025-12-22T00:26:32.760486Z
91000,56,12571.297241065977,50285.18896426391,0.96,0.673525,384.0,5194.05712890625,2025-12-22T00:26:33.374806Z
91250,57,12738.541758107813,50954.16703243125,0.11,0.34430000000000016,44.0,5194.05712890625,2025-12-22T00:26:34.124840Z
91500,57,12738.541758107813,50954.16703243125,0.4125,0.7049000000000001,165.0,5194.05712890625,2025-12-22T00:26:34.728378Z
91750,57,12738.541758107813,50954.16703243125,0.675,0.47965,270.0,5194.05712890625,2025-12-22T00:26:35.338991Z
92000,57,12738.541758107813,50954.16703243125,0.7725,0.5731250000000001,309.0,5194.05712890625,2025-12-22T00:26:35.963504Z
92250,57,12738.541758107813,50954.16703243125,0.8075,0.5745,323.0,3881.640869140625,2025-12-22T00:26:38.055965Z
92500,57,12738.541758107813,50954.16703243125,0.8675,0.5913250000000001,347.0,3881.640869140625,2025-12-22T00:26:38.665646Z
92750,57,12738.541758107813,50954.16703243125,0.91,0.5239750000000001,364.0,3881.640869140625,2025-12-22T00:26:39.262473Z
93000,58,12814.138846005266,51256.55538402106,0.385,0.6157500000000001,154.0,3881.640869140625,2025-12-22T00:26:39.899530Z
93250,58,12814.138846005266,51256.55538402106,0.595,0.4641500000000001,238.0,3881.640869140625,2025-12-22T00:26:40.479786Z
93500,58,12814.138846005266,51256.55538402106,0.7825,0.6320250000000001,313.0,3881.640869140625,2025-12-22T00:26:41.231174Z
93750,58,12814.138846005266,51256.55538402106,0.84,0.41375000000000006,336.0,3881.640869140625,2025-12-22T00:26:41.865159Z
94000,58,12814.138846005266,51256.55538402106,0.89,0.6661250000000001,356.0,3881.640869140625,2025-12-22T00:26:42.615301Z
94250,58,12814.138846005266,51256.55538402106,0.9375,0.5486250000000001,375.0,2960.239990234375,2025-12-22T00:26:44.839587Z
94500,59,12687.50810452546,50750.03241810184,0.265,0.40032500000000004,106.0,2960.239990234375,2025-12-22T00:26:45.490785Z
94750,59,12687.50810452546,50750.03241810184,0.5925,0.49127500000000013,237.0,2960.239990234375,2025-12-22T00:26:46.113378Z
95000,59,12687.50810452546,50750.03241810184,0.735,0.745,294.0,2960.239990234375,2025-12-22T00:26:46.718264Z
95250,59,12687.50810452546,50750.03241810184,0.855,0.6013250000000001,342.0,2960.239990234375,2025-12-22T00:26:47.316404Z
95500,59,12687.50810452546,50750.03241810184,0.9,0.8236,360.0,2960.239990234375,2025-12-22T00:26:48.066155Z
95750,59,12687.50810452546,50750.03241810184,0.945,0.5846500000000001,378.0,2960.239990234375,2025-12-22T00:26:48.666557Z
96000,60,12639.150512335682,50556.60204934273,0.9625,0.5291750000000001,385.0,2960.239990234375,2025-12-22T00:26:49.257580Z
96250,60,12639.150512335682,50556.60204934273,0.4425,0.5172750000000002,177.0,2960.239990234375,2025-12-22T00:26:49.889834Z
96500,60,12639.150512335682,50556.60204934273,0.7,0.5623000000000001,280.0,3727.018798828125,2025-12-22T00:26:52.022669Z
96750,60,12639.150512335682,50556.60204934273,0.7925,0.6355000000000001,317.0,3727.018798828125,2025-12-22T00:26:52.629104Z
97000,60,12639.150512335682,50556.60204934273,0.885,0.6273750000000002,354.0,3727.018798828125,2025-12-22T00:26:53.248015Z
97250,60,12639.150512335682,50556.60204934273,0.9275,0.6342000000000001,371.0,3727.018798828125,2025-12-22T00:26:53.868552Z
97500,60,12639.150512335682,50556.60204934273,0.9475,0.6745250000000002,379.0,3727.018798828125,2025-12-22T00:26:54.606362Z
97750,61,12666.609547560056,50666.438190240224,0.2125,0.7214500000000001,85.0,3727.018798828125,2025-12-22T00:26:55.214862Z
98000,61,12666.609547560056,50666.438190240224,0.455,0.6071500000000001,182.0,3727.018798828125,2025-12-22T00:26:55.849496Z
98250,61,12666.609547560056,50666.438190240224,0.6325,0.5895750000000001,253.0,3727.018798828125,2025-12-22T00:26:56.465298Z
98500,61,12666.609547560056,50666.438190240224,0.74,0.6299500000000001,296.0,3000.561279296875,2025-12-22T00:26:58.594632Z
98750,61,12666.609547560056,50666.438190240224,0.82,0.614125,328.0,3000.561279296875,2025-12-22T00:26:59.181468Z
99000,61,12666.609547560056,50666.438190240224,0.88,0.5509000000000001,352.0,3000.561279296875,2025-12-22T00:26:59.782893Z
99250,62,12508.486782796168,50033.94713118467,0.1225,0.26857500000000006,49.0,3000.561279296875,2025-12-22T00:27:00.415122Z
99500,62,12508.486782796168,50033.94713118467,0.545,0.581725,218.0,3000.561279296875,2025-12-22T00:27:01.153613Z
99750,62,12508.486782796168,50033.94713118467,0.73,0.6535500000000001,292.0,3000.561279296875,2025-12-22T00:27:01.764135Z
100000,62,12508.486782796168,50033.94713118467,0.8325,0.6116500000000001,333.0,3000.561279296875,2025-12-22T00:27:02.386084Z
100250,62,12508.486782796168,50033.94713118467,0.895,0.6200000000000001,358.0,3000.561279296875,2025-12-22T00:27:03.001343Z
