timestep,mean_reward,episode_length,coverage_ratio,average_threat_level,average_battery,elapsed_time
250,4232.182766666658,1000,0.0975,0.0,99.0006666666619,9.502655506134033
500,6081.699424166695,1000,0.08,0.0,99.0006666666619,18.828158378601074
750,3733.6039425000504,1000,0.0775,0.0,99.00666666666193,28.204124450683594
1000,4465.1981850000275,1000,0.075,0.0,99.00199999999523,37.59898376464844
1250,3345.6316758333196,1000,0.055,0.0,99.00133333332856,46.91670489311218
1500,3974.566666666652,1000,0.0675,0.0,98.99999999999523,56.32422852516174
1750,11408.100000000017,1000,0.0475,0.0,98.99999999999523,65.7485818862915
2000,4021.9333333332784,1000,0.09,0.0,98.99999999999523,74.90094423294067
2250,6019.433333333378,1000,0.1025,0.0,98.99999999999523,84.29489755630493
2500,4240.633333333301,1000,0.0775,0.0,98.99999999999523,93.62739896774292
2750,1307.8999999999753,1000,0.0475,0.0,98.99999999999523,102.98048710823059
3000,3969.4999999999773,1000,0.1,0.0,98.99999999999523,112.3466386795044
3250,4843.100000000017,1000,0.0725,0.0,98.99999999999523,121.76516771316528
3500,3648.1333333333437,1000,0.0675,0.0,98.99999999999523,131.170264005661
3750,2611.466666666661,1000,0.085,0.0,98.99999999999523,140.42955231666565
4000,844.8491533333438,1000,0.045,0.0,99.00099999999524,149.7555832862854
4250,7273.966666666616,1000,0.0775,0.0,98.99999999999523,159.1489748954773
4500,2349.0980916666895,1000,0.025,0.0,99.33299999999683,168.57514691352844
4750,908.733333333318,1000,0.0575,0.0,98.99999999999523,177.97418880462646
5000,3781.933333333322,1000,0.0575,0.0,98.99999999999523,187.3656690120697
5250,2944.4333333333743,1000,0.0725,0.0,98.99999999999523,196.70961213111877
5500,12493.666666666522,1000,0.07,0.0,98.99999999999523,206.06960010528564
5750,5732.600000000078,1000,0.085,0.0,98.99999999999523,215.42031908035278
6000,3009.2977808333526,1000,0.0375,0.0,99.00266666666191,224.76962232589722
6250,1995.2000000000057,1000,0.09,0.0,98.99999999999523,234.16813278198242
6500,4566.933333333344,1000,0.055,0.0,98.99999999999523,243.49300813674927
6750,2421.999999999963,1000,0.0675,0.0,98.99999999999523,252.82803869247437
7000,3019.866666666654,1000,0.07,0.0,98.99999999999523,262.2290322780609
7250,962.0999999999761,1000,0.065,0.0,98.99999999999523,271.6872978210449
7500,1841.8333333333478,1000,0.0775,0.0,98.99999999999523,281.07808113098145
7750,5999.763966666622,1000,0.0875,0.0,99.00366666666191,290.503075838089
8000,4560.699999999984,1000,0.0975,0.0,98.99999999999523,299.89203786849976
8250,3578.4000000000256,1000,0.065,0.0,98.99999999999523,309.2793915271759
8500,8463.966074166661,1000,0.0675,0.0,99.0006666666619,318.6156747341156
8750,1732.5333333333635,1000,0.0875,0.0,98.99999999999523,327.81292700767517
9000,4916.900000000041,1000,0.1125,0.0,98.99999999999523,337.22697496414185
9250,682.0310149999962,1000,0.045,0.0,99.00266666666191,346.5595004558563
9500,1624.66581833333,1000,0.065,0.0,99.00099999999524,355.89547777175903
9750,4642.680333333296,1000,0.03,0.0,99.00266666666191,365.26117157936096
10000,8667.533333333298,1000,0.0725,0.0,98.99999999999523,374.64307832717896
10250,4054.06666666663,1000,0.0575,0.0,98.99999999999523,384.02187609672546
10500,3959.833333333274,1000,0.0225,0.0,98.99999999999523,393.05948543548584
10750,4602.333333333316,1000,0.075,0.0,98.99999999999523,402.47853994369507
11000,1131.9333333333393,1000,0.095,0.0,98.99999999999523,411.8627827167511
11250,3967.700000000056,1000,0.1075,0.0,98.99999999999523,421.2303764820099
11500,4365.799999999998,1000,0.0675,0.0,98.99999999999523,430.60163736343384
11750,2646.897221666691,1000,0.0725,0.0,99.00366666666191,439.91408014297485
12000,5512.4666666666,1000,0.0825,0.0,98.99999999999523,449.2725775241852
12250,2623.4333333333216,1000,0.03,0.0,98.99999999999523,458.33277773857117
12500,947.4991666666439,1000,0.05,0.0,99.00099999999524,467.64480113983154
12750,1559.2000000000173,1000,0.055,0.0,98.99999999999523,477.0408308506012
13000,1549.3321658333282,1000,0.0325,0.0,99.00133333332856,486.39755845069885
13250,817.2994349999877,1000,0.07,0.0,99.0006666666619,495.6897668838501
13500,5489.199445000058,1000,0.0725,0.0,99.0006666666619,505.0964078903198
13750,5350.632166666727,1000,0.0575,0.0,99.00133333332856,514.443587064743
14000,9256.833333333365,1000,0.08,0.0,98.99999999999523,523.7481961250305
14250,5191.333333333286,1000,0.0575,0.0,98.99999999999523,533.0739738941193
14500,3171.7315608333274,1000,0.0725,0.0,99.00233333332858,542.5016534328461
14750,7025.433333333256,1000,0.0675,0.0,98.99999999999523,551.8843257427216
15000,4170.166666666641,1000,0.0375,0.0,98.99999999999523,561.2424383163452
15250,3032.666666666674,1000,0.0375,0.0,98.99999999999523,570.6157252788544
15500,4012.0333333333906,1000,0.07,0.0,98.99999999999523,580.0197100639343
15750,6352.164478333263,1000,0.0525,0.0,99.00266666666191,589.4472558498383
16000,2132.2000000000007,1000,0.05,0.0,98.99999999999523,598.8870961666107
16250,1226.133333333331,1000,0.0525,0.0,98.99999999999523,608.2704284191132
16500,4387.116666666741,1000,0.0625,0.0,98.99999999999523,617.66335105896
16750,8326.099422499936,1000,0.035,0.0,99.0006666666619,627.0381288528442
17000,6632.2994374999835,1000,0.07,0.0,99.0006666666619,636.3567609786987
17250,3737.0666666666393,1000,0.09,0.0,98.99999999999523,645.7761027812958
17500,5410.566105000004,1000,0.075,0.0,99.0006666666619,655.1703033447266
17750,6677.765010833422,1000,0.0925,0.0,99.00133333332856,664.5027356147766
18000,8425.68035416663,1000,0.1075,0.0,99.00266666666191,673.8235628604889
18250,5893.249437500006,1000,0.04,0.0,99.0006666666619,683.2350134849548
18500,1277.2666666666557,1000,0.0625,0.0,98.99999999999523,692.632244348526
18750,6339.233333333334,1000,0.09,0.0,98.99999999999523,701.9672365188599
19000,3254.03277333333,1000,0.0775,0.0,99.0006666666619,711.1115691661835
19250,906.333333333318,1000,0.0525,0.0,98.99999999999523,720.500869512558
19500,2308.3958933333215,1000,0.08,0.0,99.00533333332858,729.891037940979
19750,2052.6666666666742,1000,0.105,0.0,98.99999999999523,739.2416987419128
20000,4843.1333333333205,1000,0.085,0.0,98.99999999999523,748.6169149875641
20250,6001.816102500054,1000,0.0675,0.0,99.0006666666619,757.9963414669037
20500,3877.4821649999544,1000,0.085,0.0,99.00133333332856,767.3437976837158
20750,905.2666666666514,1000,0.055,0.0,98.99999999999523,776.4414658546448
21000,2838.666666666684,1000,0.0625,0.0,98.99999999999523,785.8253946304321
21250,1087.366666666687,1000,0.0675,0.0,98.99999999999523,795.1772320270538
21500,9544.332754166773,1000,0.08,0.0,99.0006666666619,804.5936374664307
21750,9647.56492333331,1000,0.0325,0.0,99.00199999999523,814.0075061321259
22000,9402.200000000068,1000,0.0475,0.0,98.99999999999523,823.3825118541718
22250,6681.266666666691,1000,0.0325,0.0,98.99999999999523,832.7330448627472
22500,3808.9661125000034,1000,0.1025,0.0,99.0006666666619,841.883382320404
22750,7159.064377500135,1000,0.0925,0.0,99.00199999999523,851.2724723815918
23000,3171.600000000031,1000,0.055,0.0,98.99999999999523,860.6897089481354
23250,2220.733333333322,1000,0.0775,0.0,98.99999999999523,870.1012241840363
23500,7752.631586666574,1000,0.0725,0.0,99.00199999999523,879.5292749404907
23750,4640.632745833284,1000,0.045,0.0,99.0006666666619,888.9483294487
24000,6075.99999999998,1000,0.07,0.0,98.99999999999523,898.3395752906799
24250,4510.899999999976,1000,0.0775,0.0,98.99999999999523,907.7190592288971
24500,5632.929486666593,1000,0.055,0.0,99.00399999999524,917.0880780220032
24750,11283.499999999862,1000,0.115,0.0,98.99999999999523,926.449410200119
25000,2364.498238333319,1000,0.025,0.0,99.00133333332856,935.7606394290924
25250,4684.866093333373,1000,0.05,0.0,99.0006666666619,945.102236032486
25500,4496.261631666658,1000,0.05,0.0,99.00433333332857,954.4855272769928
25750,2358.614975833353,1000,0.07,0.0,99.00133333332856,963.8663392066956
26000,3728.6994375000777,1000,0.0775,0.0,99.0006666666619,973.3416039943695
26250,10118.499434999996,1000,0.1025,0.0,99.0006666666619,982.6614325046539
26500,5310.515494999987,1000,0.065,0.0,99.00133333332856,992.0696012973785
26750,1411.9963191666805,1000,0.0625,0.0,99.00466666666192,1001.3967952728271
27000,1010.2982975,1000,0.0475,0.0,99.00133333332856,1010.7933428287506
27250,7592.666084166781,1000,0.0425,0.0,99.0006666666619,1020.1235921382904
27500,1211.6661083333563,1000,0.06,0.0,99.0006666666619,1029.5551126003265
27750,2138.5827791666334,1000,0.095,0.0,99.0006666666619,1038.933519601822
28000,2459.733333333296,1000,0.0475,0.0,98.99999999999523,1048.2457060813904
28250,747.4311066666746,1000,0.0475,0.0,99.00266666666191,1057.585598707199
28500,4955.86401666665,1000,0.06,0.0,99.00266666666191,1067.0088670253754
28750,1502.6666666666667,1000,0.0325,0.0,98.99999999999523,1076.3956460952759
29000,3418.1327525,1000,0.095,0.0,99.0006666666619,1085.720074415207
29250,1491.7994458333492,1000,0.0975,0.0,99.0006666666619,1094.880130290985
29500,4758.380201666698,1000,0.08,0.0,99.00299999999523,1104.267144203186
29750,2042.4640641666751,1000,0.0475,0.0,99.00233333332858,1113.5952005386353
30000,5753.599444166675,1000,0.0925,0.0,99.0006666666619,1122.9954051971436
30250,5985.23053916672,1000,0.045,0.0,99.00266666666191,1132.1359548568726
30500,8984.949415833178,1000,0.0625,0.0,99.0006666666619,1141.5388097763062
30750,2177.5661074999643,1000,0.09,0.0,99.0006666666619,1150.9694123268127
31000,3007.63841166667,1000,0.0325,0.0,99.33399999999682,1160.0905668735504
31250,6383.131520833421,1000,0.0425,0.0,99.00199999999523,1169.5183839797974
31500,3568.466106666665,1000,0.0625,0.0,99.0006666666619,1178.871646642685
31750,7288.464080833386,1000,0.0525,0.0,99.00333333332857,1188.2528686523438
32000,5559.231505833303,1000,0.055,0.0,99.00199999999523,1197.6466467380524
32250,565.792587500009,1000,0.0625,0.0,99.0063333333286,1206.9726104736328
32500,5386.782150000023,1000,0.0425,0.0,99.00133333332856,1216.3473699092865
32750,4621.727465833348,1000,0.1225,0.0,99.00333333332857,1225.6725733280182
33000,3275.1327600000013,1000,0.0775,0.0,99.0006666666619,1235.0145816802979
33250,2569.9470166666824,1000,0.0525,0.0,99.00266666666191,1244.40159201622
33500,4218.366089166678,1000,0.0925,0.0,99.0006666666619,1253.74809384346
33750,1011.8333333333334,1000,0.0675,0.0,98.99999999999523,1263.1094906330109
34000,2849.8649366666796,1000,0.0425,0.0,99.00133333332856,1272.4924886226654
34250,9962.466666666514,1000,0.065,0.0,98.99999999999523,1281.854017496109
34500,2124.9821500000235,1000,0.0725,0.0,99.00133333332856,1291.2899041175842
34750,1264.346765000012,1000,0.06,0.0,99.00299999999523,1300.6550755500793
35000,3484.0961475000263,1000,0.0425,0.0,99.00399999999524,1309.949285030365
35250,4445.666096666624,1000,0.0725,0.0,99.0006666666619,1319.2894558906555
35500,3429.1333333333787,1000,0.06,0.0,98.99999999999523,1328.6342194080353
35750,3893.866666666609,1000,0.05,0.0,98.99999999999523,1337.9884791374207
36000,3238.3327541666276,1000,0.0425,0.0,99.0006666666619,1347.3869795799255
36250,3952.23165749998,1000,0.065,0.0,99.00133333332856,1356.8238985538483
36500,3786.0788216666915,1000,0.095,0.0,99.00499999999526,1366.2397315502167
36750,5273.297741666626,1000,0.0425,0.0,99.00199999999523,1375.6035344600677
37000,9530.36609499997,1000,0.0475,0.0,99.0006666666619,1384.9568390846252
37250,3136.2660958333627,1000,0.0625,0.0,99.0006666666619,1394.3484280109406
37500,3027.7327616666853,1000,0.045,0.0,99.0006666666619,1403.6573674678802
37750,6571.698835000022,1000,0.0575,0.0,99.00133333332856,1412.8093724250793
38000,3038.682154999985,1000,0.0775,0.0,99.00133333332856,1422.0620956420898
38250,6289.098379166592,1000,0.1075,0.0,99.00133333332856,1431.422351360321
38500,4213.831490833336,1000,0.0625,0.0,99.00199999999523,1440.8170909881592
38750,2376.179746666674,1000,0.065,0.0,99.00366666666191,1450.152862071991
39000,6819.816100000038,1000,0.0325,0.0,99.0006666666619,1459.5296416282654
39250,13220.180436666495,1000,0.055,0.0,99.00266666666191,1468.894981622696
39500,4575.209352499983,1000,0.085,0.0,99.00666666666193,1477.9607133865356
39750,4412.4660941666425,1000,0.0525,0.0,99.0006666666619,1487.341792345047
40000,4779.663655833396,1000,0.07,0.0,99.00266666666191,1496.7223839759827
40250,9474.031101666655,1000,0.0775,0.0,99.00199999999523,1506.0917177200317
40500,9205.397779166642,1000,0.1025,0.0,99.00199999999523,1515.4693984985352
40750,5785.264364999943,1000,0.0475,0.0,99.00199999999523,1524.8268222808838
41000,6459.342573333344,1000,0.1,0.0,99.00466666666192,1534.2044548988342
41250,1791.9976899999879,1000,0.065,0.0,99.00199999999523,1543.2702100276947
41500,7074.430405000108,1000,0.0475,0.0,99.00266666666191,1552.6879415512085
41750,6296.814854166601,1000,0.0925,0.0,99.00199999999523,1561.9929928779602
42000,7278.3804283333175,1000,0.09,0.0,99.00266666666191,1571.3768808841705
42250,9024.599436666718,1000,0.08,0.0,99.0006666666619,1580.7385833263397
42500,4015.7476983333313,1000,0.1175,0.0,99.00199999999523,1590.0726218223572
42750,3533.2453924999886,1000,0.0525,0.0,99.00333333332857,1599.4887273311615
43000,1412.8494416666801,1000,0.06,0.0,99.0006666666619,1608.802946805954
43250,660.4314108333276,1000,0.055,0.0,99.00166666666189,1618.2205238342285
43500,3739.949426666733,1000,0.0975,0.0,99.0006666666619,1627.643461227417
43750,4274.962403333374,1000,0.0425,0.0,99.00499999999526,1637.079839706421
44000,8481.96548833331,1000,0.055,0.0,99.00133333332856,1646.467054605484
44250,6297.332754999925,1000,0.06,0.0,99.0006666666619,1655.9025349617004
44500,7735.766077500063,1000,0.0475,0.0,99.0006666666619,1665.3528673648834
44750,5179.913743333395,1000,0.11,0.0,99.00266666666191,1674.7038474082947
45000,2108.398805000032,1000,0.0425,0.0,99.00133333332856,1684.1169981956482
45250,4215.766094999946,1000,0.09,0.0,99.0006666666619,1693.445425748825
45500,6211.065481666724,1000,0.0575,0.0,99.00133333332856,1702.8146965503693
45750,811.4327558333214,1000,0.075,0.0,99.0006666666619,1712.1546564102173
46000,9738.53040000014,1000,0.065,0.0,99.00266666666191,1721.5472204685211
46250,9100.198368333338,1000,0.09,0.0,99.00133333332856,1730.9587831497192
46500,2538.2994366666303,1000,0.055,0.0,99.0006666666619,1740.3076026439667
46750,6891.9994249999045,1000,0.035,0.0,99.0006666666619,1749.7052717208862
47000,1182.0610541666758,1000,0.085,0.0,99.00399999999524,1759.0588936805725
47250,4565.247758333332,1000,0.0975,0.0,99.00199999999523,1768.438017129898
47500,6455.266666666541,1000,0.0525,0.0,98.99999999999523,1777.8316316604614
47750,2653.7655083333198,1000,0.0575,0.0,99.00133333332856,1787.1709711551666
48000,4985.047650000039,1000,0.0575,0.0,99.00199999999523,1796.3717501163483
48250,2017.878901666663,1000,0.1275,0.0,99.00366666666191,1805.7897622585297
48500,5597.932778333306,1000,0.085,0.0,99.0006666666619,1815.1495263576508
48750,813.7327716666546,1000,0.06,0.0,99.0006666666619,1824.4757597446442
49000,3329.366089999954,1000,0.0725,0.0,99.0006666666619,1833.854288816452
49250,9119.444246666673,1000,0.08,0.0,99.00599999999525,1843.2702906131744
49500,6209.133333333302,1000,0.1125,0.0,98.99999999999523,1852.6482236385345
49750,6027.566666666678,1000,0.0725,0.0,98.99999999999523,1861.716905117035
50000,7713.399422499852,1000,0.1125,0.0,99.0006666666619,1871.097873210907
50250,8141.612559166666,1000,0.085,0.0,99.00333333332857,1880.4558274745941
50500,1678.366086666661,1000,0.065,0.0,99.0006666666619,1889.7917733192444
50750,4024.0477166667274,1000,0.04,0.0,99.00199999999523,1899.1260058879852
51000,2271.399424999995,1000,0.0725,0.0,99.0006666666619,1908.4925484657288
51250,4237.833333333319,1000,0.0675,0.0,98.99999999999523,1917.950370311737
51500,10368.164394166835,1000,0.04,0.0,99.00199999999523,1927.205803155899
51750,4050.7661108332704,1000,0.065,0.0,99.0006666666619,1936.5282618999481
52000,918.0308075000062,1000,0.055,0.0,99.00299999999523,1945.9292063713074
52250,14312.933333333463,1000,0.06,0.0,98.99999999999523,1955.3186252117157
52500,7501.066109166629,1000,0.0875,0.0,99.0006666666619,1964.6341631412506
52750,6833.064739166586,1000,0.0675,0.0,99.00233333332858,1973.9736108779907
53000,4392.381495833282,1000,0.105,0.0,99.00199999999523,1983.3487088680267
53250,1965.4327549999873,1000,0.0625,0.0,99.0006666666619,1992.7535951137543
53500,4547.298791666645,1000,0.07,0.0,99.00133333332856,2002.097858428955
53750,5031.9827575000045,1000,0.0625,0.0,99.0006666666619,2011.5426354408264
54000,3870.2166666666512,1000,0.1175,0.0,98.99999999999523,2020.9310925006866
54250,2216.066666666679,1000,0.08,0.0,98.99999999999523,2030.3358030319214
54500,11133.898833333351,1000,0.05,0.0,99.00133333332856,2039.6876628398895
54750,5947.147684999977,1000,0.0425,0.0,99.00199999999523,2049.0636110305786
55000,4446.580365833306,1000,0.115,0.0,99.00266666666191,2058.5264027118683
55250,1813.7504766666775,1000,0.0575,0.0,99.33299999999683,2067.9018778800964
55500,9252.33216333328,1000,0.05,0.0,99.00133333332856,2077.2272090911865
55750,2459.295757499975,1000,0.07,0.0,99.00533333332858,2086.584882736206
56000,1409.0988349999748,1000,0.1,0.0,99.00133333332856,2095.9048130512238
56250,13370.997718333569,1000,0.045,0.0,99.00199999999523,2105.2801694869995
56500,1216.0327683333564,1000,0.0725,0.0,99.0006666666619,2114.58282327652
56750,6438.94555666664,1000,0.0775,0.0,99.00433333332857,2123.9344596862793
57000,4305.866666666709,1000,0.09,0.0,98.99999999999523,2133.276342868805
57250,9503.482163333401,1000,0.085,0.0,99.00133333332856,2142.6483919620514
57500,4046.9327766666092,1000,0.095,0.0,99.0006666666619,2152.065706729889
57750,2567.865058333322,1000,0.13,0.0,99.00133333332856,2161.4364919662476
58000,1932.4500000000069,1000,0.1,0.0,98.99999999999523,2170.8839836120605
58250,2013.114829166673,1000,0.095,0.0,99.00199999999523,2180.0631890296936
58500,2032.2143708333017,1000,0.0425,0.0,99.00199999999523,2189.463490009308
58750,6440.3494266665575,1000,0.06,0.0,99.0006666666619,2198.836818218231
59000,4135.598174999977,1000,0.0875,0.0,99.00199999999523,2208.1779901981354
59250,874.1314116666741,1000,0.08,0.0,99.00266666666191,2217.5792710781097
59500,5135.165496666648,1000,0.0425,0.0,99.00133333332856,2226.941499233246
59750,6587.16666666667,1000,0.035,0.0,98.99999999999523,2236.308158636093
60000,11113.46488583319,1000,0.0225,0.0,99.00199999999523,2245.458637714386
60250,1533.5315183333335,1000,0.0775,0.0,99.00199999999523,2254.7807743549347
60500,3092.932016666647,1000,0.075,0.0,99.00166666666189,2264.167343854904
60750,2668.933333333371,1000,0.095,0.0,98.99999999999523,2273.5873696804047
61000,3606.847677500005,1000,0.06,0.0,99.00199999999523,2282.9459631443024
61250,1424.5655083333477,1000,0.065,0.0,99.00133333332856,2292.379865884781
61500,3221.1976275000043,1000,0.0575,0.0,99.00199999999523,2301.833262681961
61750,5484.431012500027,1000,0.09,0.0,99.00199999999523,2311.243677139282
62000,2470.1321716666744,1000,0.0925,0.0,99.00133333332856,2320.6093006134033
62250,6669.6327550000115,1000,0.045,0.0,99.0006666666619,2330.01017165184
62500,4540.466666666625,1000,0.065,0.0,98.99999999999523,2339.4294815063477
62750,1472.8481700000154,1000,0.035,0.0,99.00199999999523,2348.782817363739
63000,2770.2333333333004,1000,0.0325,0.0,98.99999999999523,2358.1391859054565
63250,4283.499430000012,1000,0.0775,0.0,99.0006666666619,2367.47557926178
63500,1243.2661099999975,1000,0.09,0.0,99.0006666666619,2376.9496371746063
63750,6448.016095000045,1000,0.06,0.0,99.0006666666619,2386.303513288498
64000,2889.8660858333333,1000,0.0575,0.0,99.0006666666619,2395.6536633968353
64250,3294.9660691667223,1000,0.0325,0.0,99.0006666666619,2405.0256731510162
64500,3826.797724166639,1000,0.055,0.0,99.00199999999523,2414.3836619853973
64750,1341.7148366666408,1000,0.095,0.0,99.00199999999523,2423.7386543750763
65000,4718.274720833296,1000,0.07,0.0,99.00466666666192,2433.1174416542053
65250,2871.166666666682,1000,0.1275,0.0,98.99999999999523,2442.552543401718
65500,6597.014824166646,1000,0.0625,0.0,99.00199999999523,2451.9581050872803
65750,915.1333333333179,1000,0.0675,0.0,98.99999999999523,2461.3613183498383
66000,5820.382171666632,1000,0.0925,0.0,99.00133333332856,2470.6649599075317
66250,6181.116092499959,1000,0.075,0.0,99.0006666666619,2480.048628091812
66500,1379.4821549999776,1000,0.0625,0.0,99.00133333332856,2489.380510568619
66750,4414.216104166619,1000,0.0925,0.0,99.0006666666619,2498.441162109375
67000,5265.933333333317,1000,0.1,0.0,98.99999999999523,2507.779972076416
67250,4924.533333333314,1000,0.045,0.0,98.99999999999523,2517.1089990139008
67500,4588.216078333413,1000,0.03,0.0,99.0006666666619,2526.4855575561523
67750,3219.814801666645,1000,0.1,0.0,99.00199999999523,2535.8457045555115
68000,5347.948836666639,1000,0.07,0.0,99.00133333332856,2545.220149755478
68250,4532.582768333275,1000,0.05,0.0,99.0006666666619,2554.592972755432
68500,2446.5471058333196,1000,0.085,0.0,99.00266666666191,2563.6843934059143
68750,1207.6969908333563,1000,0.0325,0.0,99.00266666666191,2573.0500988960266
69000,1308.0999999999754,1000,0.05,0.0,98.99999999999523,2582.45965218544
69250,2387.731307499987,1000,0.0725,0.0,99.00266666666191,2591.8497245311737
69500,8282.399999999852,1000,0.09,0.0,98.99999999999523,2601.22385764122
69750,1541.84384,1000,0.0775,0.0,99.00333333332857,2610.565280675888
70000,3591.9999999999927,1000,0.0775,0.0,98.99999999999523,2619.9417803287506
70250,4841.79817499997,1000,0.105,0.0,99.00199999999523,2629.2542729377747
70500,8356.798162500088,1000,0.045,0.0,99.00199999999523,2638.624874353409
70750,6826.481490833281,1000,0.0725,0.0,99.00199999999523,2648.000691175461
71000,1412.1481599999745,1000,0.0875,0.0,99.00199999999523,2657.4308862686157
71250,2441.2661025000166,1000,0.105,0.0,99.0006666666619,2666.826050758362
71500,4701.53151833342,1000,0.05,0.0,99.00199999999523,2676.2272741794586
71750,7677.448831666616,1000,0.085,0.0,99.00133333332856,2685.619964361191
72000,5452.732766666694,1000,0.08,0.0,99.0006666666619,2695.025727748871
72250,4291.915461666668,1000,0.0675,0.0,99.00133333332856,2704.395933866501
72500,3968.831058333308,1000,0.06,0.0,99.00199999999523,2713.8115317821503
72750,5031.23277749999,1000,0.0575,0.0,99.0006666666619,2723.219147205353
73000,5613.031040000013,1000,0.05,0.0,99.00199999999523,2732.557618379593
73250,4153.533333333318,1000,0.075,0.0,98.99999999999523,2741.953027486801
73500,4587.914918333366,1000,0.055,0.0,99.00199999999523,2751.289853334427
73750,12163.766666666734,1000,0.0525,0.0,98.99999999999523,2760.731950044632
74000,4366.2154783333335,1000,0.065,0.0,99.00133333332856,2770.12997674942
74250,2523.246240000005,1000,0.07,0.0,99.00399999999524,2779.520827770233
74500,2198.616105833328,1000,0.0775,0.0,99.0006666666619,2788.933614730835
74750,4039.6994341666336,1000,0.1,0.0,99.0006666666619,2798.2990341186523
75000,1880.232153333337,1000,0.1,0.0,99.00133333332856,2807.6955995559692
75250,1274.6999999999891,1000,0.0525,0.0,98.99999999999523,2816.9307718276978
75500,1331.7994299999746,1000,0.095,0.0,99.0006666666619,2826.3076589107513
75750,7463.350719166715,1000,0.0475,0.0,99.33366666666348,2835.6951882839203
76000,5353.148187499968,1000,0.0575,0.0,99.00199999999523,2845.087043762207
76250,1035.0,1000,0.115,0.0,98.99999999999523,2854.4795372486115
76500,4341.766666666678,1000,0.1025,0.0,98.99999999999523,2863.8699910640717
76750,6828.949433333325,1000,0.0675,0.0,99.0006666666619,2873.2225773334503
77000,3191.0276183332917,1000,0.105,0.0,99.00399999999524,2882.3655989170074
77250,1655.364846666704,1000,0.06,0.0,99.00199999999523,2891.7574944496155
77500,6210.04883166673,1000,0.0875,0.0,99.00133333332856,2901.1038439273834
77750,5488.399430833401,1000,0.06,0.0,99.0006666666619,2910.434548854828
78000,13964.682169999973,1000,0.065,0.0,99.00133333332856,2919.801860809326
78250,1507.1333333333334,1000,0.0525,0.0,98.99999999999523,2929.21555519104
78500,8023.248791666784,1000,0.05,0.0,99.00133333332856,2938.5986795425415
78750,5438.281490833353,1000,0.0675,0.0,99.00199999999523,2947.8123371601105
79000,6560.482173333262,1000,0.11,0.0,99.00133333332856,2957.191008090973
79250,2924.7666666667074,1000,0.085,0.0,98.99999999999523,2966.569680929184
79500,1787.4327583333302,1000,0.0575,0.0,99.0006666666619,2975.9665896892548
79750,3910.531498333333,1000,0.06,0.0,99.00199999999523,2985.3383474349976
80000,4417.6650125,1000,0.0775,0.0,99.00133333332856,2994.7339923381805
80250,1453.7481800000196,1000,0.08,0.0,99.00199999999523,3004.040579557419
80500,4469.516083333352,1000,0.0825,0.0,99.0006666666619,3013.426959514618
80750,8416.946275000015,1000,0.055,0.0,99.00366666666191,3022.7678983211517
81000,2684.6315733333045,1000,0.0475,0.0,99.00199999999523,3032.1161184310913
81250,6611.899408333246,1000,0.04,0.0,99.0006666666619,3041.527227640152
81500,6634.747104166667,1000,0.0775,0.0,99.00266666666191,3050.844754934311
81750,1523.9327333333408,1000,0.0475,0.0,99.0006666666619,3060.15398478508
82000,7006.033333333282,1000,0.03,0.0,98.99999999999523,3069.5155696868896
82250,4869.76666666664,1000,0.0375,0.0,98.99999999999523,3078.9083273410797
82500,7345.999437499877,1000,0.07,0.0,99.0006666666619,3088.281928539276
82750,1323.332765833322,1000,0.13,0.0,99.0006666666619,3097.668936729431
83000,4326.265488333407,1000,0.065,0.0,99.00133333332856,3107.1102645397186
83250,1381.6821599999769,1000,0.05,0.0,99.00133333332856,3116.4738354682922
83500,3659.4327700000163,1000,0.075,0.0,99.0006666666619,3125.8642976284027
83750,7574.813710833229,1000,0.035,0.0,99.00266666666191,3135.2427246570587
84000,1104.566091666686,1000,0.0925,0.0,99.0006666666619,3144.5882439613342
84250,1164.3976308333229,1000,0.09,0.0,99.00199999999523,3153.979199886322
84500,5373.399435833366,1000,0.1125,0.0,99.0006666666619,3163.35511136055
84750,1308.3988066666554,1000,0.0975,0.0,99.00133333332856,3172.666720867157
85000,1396.3994399999758,1000,0.0775,0.0,99.0006666666619,3181.979892015457
85250,2426.982751666675,1000,0.06,0.0,99.0006666666619,3191.298043012619
85500,3978.7666666666128,1000,0.0875,0.0,98.99999999999523,3200.4286046028137
85750,9511.10000000005,1000,0.0675,0.0,98.99999999999523,3209.8147583007812
86000,6876.630412500036,1000,0.0775,0.0,99.00266666666191,3219.226149082184
86250,1922.6999999999698,1000,0.0725,0.0,98.99999999999523,3228.6543865203857
86500,7019.366666666627,1000,0.0975,0.0,98.99999999999523,3238.015706062317
86750,4756.566666666671,1000,0.1175,0.0,98.99999999999523,3247.4106595516205
87000,6268.533333333424,1000,0.12,0.0,98.99999999999523,3256.832491159439
87250,4666.76484166669,1000,0.0875,0.0,99.00199999999523,3265.8736600875854
87500,3226.512716666647,1000,0.045,0.0,99.00466666666192,3275.204556941986
87750,7694.016099999956,1000,0.0575,0.0,99.0006666666619,3284.586054086685
88000,2295.5981724999883,1000,0.055,0.0,99.00199999999523,3293.9776544570923
88250,4057.1315058333,1000,0.0325,0.0,99.00199999999523,3303.3564236164093
88500,6093.363624166686,1000,0.04,0.0,99.00266666666191,3312.7326550483704
88750,2544.6654916666703,1000,0.1275,0.0,99.00133333332856,3322.090225458145
89000,8298.033333333271,1000,0.06,0.0,98.99999999999523,3331.3071439266205
89250,3418.766666666687,1000,0.0825,0.0,98.99999999999523,3340.710013628006
89500,12376.466666666538,1000,0.065,0.0,98.99999999999523,3350.1222372055054
89750,10094.415503333412,1000,0.0825,0.0,99.00133333332856,3359.5239551067352
90000,2573.285624166669,1000,0.0825,0.0,99.33433333333016,3368.8772757053375
90250,5256.066666666738,1000,0.045,0.0,98.99999999999523,3378.2665865421295
90500,2175.299560833334,1000,0.04,0.0,99.33366666666348,3387.5563197135925
90750,1485.798833333349,1000,0.0575,0.0,99.00133333332856,3396.9832215309143
91000,5071.980144999993,1000,0.06,0.0,99.00333333332857,3406.2833018302917
91250,3454.429928333381,1000,0.0825,0.0,99.00266666666191,3415.5911622047424
91500,2858.382755833314,1000,0.105,0.0,99.0006666666619,3424.9174954891205
91750,1346.6821249999741,1000,0.1025,0.0,99.00133333332856,3434.282342672348
92000,3384.666106666634,1000,0.0875,0.0,99.0006666666619,3443.6828434467316
92250,1404.200000000013,1000,0.04,0.0,98.99999999999523,3453.006398677826
92500,3054.033333333376,1000,0.1025,0.0,98.99999999999523,3462.46408700943
92750,4508.633333333297,1000,0.0475,0.0,98.99999999999523,3471.8813354969025
93000,749.1972241666747,1000,0.0425,0.0,99.00333333332857,3481.2094116210938
93250,5994.631500833342,1000,0.04,0.0,99.00199999999523,3490.6522223949432
93500,851.8642625000108,1000,0.055,0.0,99.00299999999523,3500.0491440296173
93750,2741.2821499999964,1000,0.075,0.0,99.00133333332856,3509.455204486847
94000,5374.90000000004,1000,0.05,0.0,98.99999999999523,3518.6476776599884
94250,1208.4327766666895,1000,0.0525,0.0,99.0006666666619,3527.989868402481
94500,6348.165485000002,1000,0.035,0.0,99.00133333332856,3537.341435432434
94750,1564.2494441666647,1000,0.08,0.0,99.0006666666619,3546.752688407898
95000,2454.033333333339,1000,0.0825,0.0,98.99999999999523,3556.066336631775
95250,8420.566071666584,1000,0.075,0.0,99.0006666666619,3565.4376714229584
95500,7803.6666666667725,1000,0.055,0.0,98.99999999999523,3574.7957994937897
95750,817.7999999999877,1000,0.0825,0.0,98.99999999999523,3583.902678012848
96000,2332.549429166658,1000,0.0575,0.0,99.0006666666619,3593.3041446208954
96250,5789.298312500041,1000,0.0675,0.0,99.00133333332856,3602.639814853668
96500,4504.815508333353,1000,0.045,0.0,99.00133333332856,3611.9740014076233
96750,1375.0488149999774,1000,0.0475,0.0,99.00133333332856,3621.3021972179413
97000,4903.615501666615,1000,0.06,0.0,99.00133333332856,3630.658714056015
97250,9135.116088333354,1000,0.0775,0.0,99.0006666666619,3640.035674095154
97500,1306.4488083333088,1000,0.035,0.0,99.00133333332856,3649.1715834140778
97750,6131.133333333307,1000,0.1,0.0,98.99999999999523,3658.535793066025
98000,4463.397712499963,1000,0.085,0.0,99.00199999999523,3667.921741247177
98250,2817.8661124999962,1000,0.075,0.0,99.0006666666619,3677.3084444999695
98500,8993.033333333407,1000,0.05,0.0,98.99999999999523,3686.700250148773
98750,4522.182164999975,1000,0.1025,0.0,99.00133333332856,3696.072292327881
99000,4503.247750833333,1000,0.14,0.0,99.00199999999523,3705.4578104019165
99250,2654.116089166678,1000,0.09,0.0,99.0006666666619,3714.745003223419
99500,5154.149999999954,1000,0.0675,0.0,98.99999999999523,3724.045373916626
99750,3881.049423333381,1000,0.065,0.0,99.0006666666619,3733.4569692611694
100000,7537.92449333341,1000,0.1225,0.0,99.00399999999524,3742.8266201019287
